timestamp,open,high,low,close,volume,datetime,rsi
1745650800000,9.52e-06,9.6e-06,9.49e-06,9.49e-06,494016499450.0,2025-04-26 07:00:00,67.00744330181718
1745654400000,9.5e-06,9.57e-06,9.36e-06,9.43e-06,1101987140669.0,2025-04-26 08:00:00,63.401260160226535
1745658000000,9.43e-06,9.46e-06,9.28e-06,9.36e-06,626876366619.0,2025-04-26 09:00:00,59.38576973898884
1745661600000,9.36e-06,9.44e-06,9.32e-06,9.38e-06,619825644791.0,2025-04-26 10:00:00,60.16211273908445
1745665200000,9.38e-06,9.42e-06,9.13e-06,9.17e-06,1152586910628.0,2025-04-26 11:00:00,49.46943764290387
1745668800000,9.17e-06,9.24e-06,9.11e-06,9.14e-06,829620082497.0,2025-04-26 12:00:00,48.15278461625703
1745672400000,9.13e-06,9.22e-06,9.02e-06,9.12e-06,691190089261.0,2025-04-26 13:00:00,47.24990727659711
1745676000000,9.11e-06,9.22e-06,9.06e-06,9.17e-06,842351008862.0,2025-04-26 14:00:00,49.78484250870495
1745679600000,9.17e-06,9.25e-06,9.16e-06,9.21e-06,582838012435.0,2025-04-26 15:00:00,51.78118408663521
1745683200000,9.2e-06,9.23e-06,9.07e-06,9.14e-06,376385620600.0,2025-04-26 16:00:00,48.17193506720419
1745686800000,9.15e-06,9.19e-06,9.09e-06,9.15e-06,305817863853.0,2025-04-26 17:00:00,48.72181034891838
1745690400000,9.15e-06,9.17e-06,9.1e-06,9.1e-06,199329096325.0,2025-04-26 18:00:00,46.088818778991
1745694000000,9.11e-06,9.14e-06,9.07e-06,9.12e-06,191720560297.0,2025-04-26 19:00:00,47.3152843651241
1745697600000,9.13e-06,9.15e-06,9.04e-06,9.05e-06,264506033423.0,2025-04-26 20:00:00,43.57847236514948
1745701200000,9.05e-06,9.14e-06,9.05e-06,9.1e-06,287737282170.0,2025-04-26 21:00:00,46.80984959555298
1745704800000,9.09e-06,9.22e-06,9.09e-06,9.15e-06,552469921172.0,2025-04-26 22:00:00,49.899903566875935
1745708400000,9.15e-06,9.21e-06,9.14e-06,9.18e-06,233415514948.0,2025-04-26 23:00:00,51.712517621092694
1745712000000,9.18e-06,9.21e-06,9.08e-06,9.19e-06,523092602185.0,2025-04-27 00:00:00,52.331617368181
1745715600000,9.19e-06,9.2e-06,8.88e-06,8.94e-06,1346313299075.0,2025-04-27 01:00:00,38.90294138911291
1745719200000,8.94e-06,9.05e-06,8.91e-06,9.04e-06,467252354061.0,2025-04-27 02:00:00,44.984296738630874
1745722800000,9.03e-06,9.15e-06,9.01e-06,9.15e-06,517837037885.0,2025-04-27 03:00:00,50.78708276940379
1745726400000,9.15e-06,9.15e-06,8.95e-06,8.99e-06,483518869693.0,2025-04-27 04:00:00,43.585842320031595
1745730000000,8.98e-06,9.03e-06,8.9e-06,8.97e-06,608341298744.0,2025-04-27 05:00:00,42.76948044278202
1745733600000,8.97e-06,9.05e-06,8.95e-06,9.01e-06,312930311460.0,2025-04-27 06:00:00,44.98871762560049
1745737200000,9.02e-06,9.07e-06,8.97e-06,9.04e-06,224704524910.0,2025-04-27 07:00:00,46.65934772081866
1745740800000,9.05e-06,9.1e-06,9.01e-06,9.04e-06,281663996595.0,2025-04-27 08:00:00,46.65934772081866
1745744400000,9.05e-06,9.06e-06,8.99e-06,9.02e-06,229689325929.0,2025-04-27 09:00:00,45.588899299331054
1745748000000,9.03e-06,9.03e-06,8.97e-06,9.02e-06,253504006812.0,2025-04-27 10:00:00,45.58889929933105
1745751600000,9.03e-06,9.04e-06,8.96e-06,8.98e-06,216994399576.0,2025-04-27 11:00:00,43.2855017455741
1745755200000,8.99e-06,8.99e-06,8.82e-06,8.83e-06,843016925771.0,2025-04-27 12:00:00,35.950072727290646
1745758800000,8.83e-06,8.92e-06,8.72e-06,8.9e-06,1188424580567.0,2025-04-27 13:00:00,40.97692752253032
1745762400000,8.9e-06,8.97e-06,8.86e-06,8.86e-06,606878264029.0,2025-04-27 14:00:00,39.08902663640457
1745766000000,8.86e-06,8.88e-06,8.8e-06,8.85e-06,431148487499.0,2025-04-27 15:00:00,38.61010389365721
1745769600000,8.86e-06,8.88e-06,8.74e-06,8.78e-06,441794392598.0,2025-04-27 16:00:00,35.345520894678316
1745773200000,8.78e-06,8.84e-06,8.74e-06,8.8e-06,305931819375.0,2025-04-27 17:00:00,36.98493170558183
1745776800000,8.8e-06,8.92e-06,8.78e-06,8.89e-06,332042665165.0,2025-04-27 18:00:00,43.880925681502376
1745780400000,8.89e-06,8.93e-06,8.84e-06,8.92e-06,279724709814.0,2025-04-27 19:00:00,46.00217707760218
1745784000000,8.93e-06,8.94e-06,8.85e-06,8.87e-06,254749448376.0,2025-04-27 20:00:00,43.07946914451338
1745787600000,8.87e-06,8.92e-06,8.83e-06,8.86e-06,181841745573.0,2025-04-27 21:00:00,42.497916082626226
1745791200000,8.85e-06,8.86e-06,8.72e-06,8.81e-06,382522783704.0,2025-04-27 22:00:00,39.618084035859326
1745794800000,8.81e-06,8.83e-06,8.75e-06,8.76e-06,192011290879.0,2025-04-27 23:00:00,36.92352695881803
1745798400000,8.76e-06,8.8e-06,8.62e-06,8.77e-06,944664585776.0,2025-04-28 00:00:00,37.834195131423876
1745802000000,8.77e-06,8.83e-06,8.59e-06,8.67e-06,865931105228.0,2025-04-28 01:00:00,32.7432418029525
1745805600000,8.67e-06,8.78e-06,8.64e-06,8.74e-06,390054289187.0,2025-04-28 02:00:00,38.93727490044402
1745809200000,8.74e-06,8.86e-06,8.71e-06,8.81e-06,378350253540.0,2025-04-28 03:00:00,44.44699839293148
1745812800000,8.81e-06,8.88e-06,8.8e-06,8.83e-06,328473949032.0,2025-04-28 04:00:00,45.94766668838667
1745816400000,8.83e-06,8.94e-06,8.8e-06,8.89e-06,578270131215.0,2025-04-28 05:00:00,50.28635748874806
1745820000000,8.9e-06,9.01e-06,8.9e-06,8.99e-06,604726492806.0,2025-04-28 06:00:00,56.546729698117296
1745823600000,8.99e-06,9.09e-06,8.89e-06,9.09e-06,1617144687486.0,2025-04-28 07:00:00,61.73592979941067
1745827200000,9.09e-06,9.2e-06,8.98e-06,9.03e-06,1197772848744.0,2025-04-28 08:00:00,57.31340671700797
1745830800000,9.03e-06,9.11e-06,9.01e-06,9.1e-06,498973186483.0,2025-04-28 09:00:00,60.83814475760966
1745834400000,9.11e-06,9.18e-06,9.01e-06,9.13e-06,969765191031.0,2025-04-28 10:00:00,62.275827213125055
1745838000000,9.12e-06,9.19e-06,9.08e-06,9.11e-06,586576851733.0,2025-04-28 11:00:00,60.67658491186757
1745841600000,9.11e-06,9.12e-06,8.97e-06,9.01e-06,884877615364.0,2025-04-28 12:00:00,53.305648231530206
1745845200000,9e-06,9.09e-06,8.73e-06,8.77e-06,2530134710737.0,2025-04-28 13:00:00,40.56818252311857
1745848800000,8.77e-06,8.91e-06,8.72e-06,8.79e-06,783703588445.0,2025-04-28 14:00:00,41.815903653001
1745852400000,8.78e-06,8.82e-06,8.57e-06,8.65e-06,945212006388.0,2025-04-28 15:00:00,36.10223182749243
1745856000000,8.64e-06,8.71e-06,8.55e-06,8.64e-06,780424953061.0,2025-04-28 16:00:00,35.72672001766726
1745859600000,8.64e-06,8.8e-06,8.62e-06,8.78e-06,435679058247.0,2025-04-28 17:00:00,44.43970232859046
1745863200000,8.78e-06,8.81e-06,8.69e-06,8.8e-06,428962806864.0,2025-04-28 18:00:00,45.57477391961959
1745866800000,8.8e-06,9.01e-06,8.78e-06,8.95e-06,771365147876.0,2025-04-28 19:00:00,53.28338300677065
1745870400000,8.95e-06,8.99e-06,8.89e-06,8.96e-06,351615756579.0,2025-04-28 20:00:00,53.75365232502307
1745874000000,8.96e-06,9.06e-06,8.91e-06,9.05e-06,347215172432.0,2025-04-28 21:00:00,57.86466575562593
1745877600000,9.05e-06,9.1e-06,8.96e-06,9e-06,322106601610.0,2025-04-28 22:00:00,54.942581750095414
1745881200000,9e-06,9.02e-06,8.92e-06,8.96e-06,239481971889.0,2025-04-28 23:00:00,52.65188377176426
1745884800000,8.97e-06,9.02e-06,8.89e-06,8.94e-06,334234488724.0,2025-04-29 00:00:00,51.49581051386437
1745888400000,8.94e-06,9.01e-06,8.86e-06,8.87e-06,423764808294.0,2025-04-29 01:00:00,47.55973354898172
1745892000000,8.87e-06,8.89e-06,8.81e-06,8.87e-06,415012526995.0,2025-04-29 02:00:00,47.55973354898172
1745895600000,8.87e-06,8.95e-06,8.86e-06,8.93e-06,397900271870.0,2025-04-29 03:00:00,51.262905638322856
1745899200000,8.93e-06,8.95e-06,8.78e-06,8.81e-06,303801161437.0,2025-04-29 04:00:00,44.495262404389486
1745902800000,8.81e-06,8.85e-06,8.78e-06,8.81e-06,282778495715.0,2025-04-29 05:00:00,44.495262404389486
1745906400000,8.82e-06,8.96e-06,8.8e-06,8.94e-06,458222305606.0,2025-04-29 06:00:00,52.39196788347008
1745910000000,8.95e-06,9.08e-06,8.93e-06,9.06e-06,683688463916.0,2025-04-29 07:00:00,58.2908510223615
1745913600000,9.05e-06,9.1e-06,9e-06,9.04e-06,626468491468.0,2025-04-29 08:00:00,57.02270058192574
1745917200000,9.05e-06,9.1e-06,8.98e-06,9.06e-06,393423394512.0,2025-04-29 09:00:00,58.00656767996492
1745920800000,9.06e-06,9.08e-06,8.93e-06,8.98e-06,385850916842.0,2025-04-29 10:00:00,52.79973379031266
1745924400000,8.98e-06,9.03e-06,8.95e-06,8.98e-06,333431013420.0,2025-04-29 11:00:00,52.79973379031266
1745928000000,8.97e-06,8.98e-06,8.83e-06,8.89e-06,473651210672.0,2025-04-29 12:00:00,47.26429984829273
1745931600000,8.89e-06,9.01e-06,8.86e-06,8.99e-06,423876400087.0,2025-04-29 13:00:00,53.14246220939765
1745935200000,8.98e-06,9.07e-06,8.94e-06,9.01e-06,615789126289.0,2025-04-29 14:00:00,54.241032269959256
1745938800000,9.01e-06,9.03e-06,8.93e-06,8.99e-06,375063590028.0,2025-04-29 15:00:00,52.90526177654032
1745942400000,8.98e-06,9.16e-06,8.97e-06,9.07e-06,709618805671.0,2025-04-29 16:00:00,57.42208379055148
1745946000000,9.08e-06,9.13e-06,9e-06,9.09e-06,482485623431.0,2025-04-29 17:00:00,58.49384440196828
1745949600000,9.09e-06,9.15e-06,9.05e-06,9.11e-06,342936237276.0,2025-04-29 18:00:00,59.58929918194749
1745953200000,9.12e-06,9.14e-06,9.05e-06,9.06e-06,258397796910.0,2025-04-29 19:00:00,55.63597575406592
1745956800000,9.07e-06,9.1e-06,8.99e-06,9.02e-06,291719877038.0,2025-04-29 20:00:00,52.62792613944121
1745960400000,9.02e-06,9.03e-06,8.84e-06,8.94e-06,617446659429.0,2025-04-29 21:00:00,47.13858176604902
1745964000000,8.95e-06,8.95e-06,8.76e-06,8.82e-06,488441940970.0,2025-04-29 22:00:00,40.34136992894751
1745967600000,8.81e-06,8.87e-06,8.71e-06,8.87e-06,567339629654.0,2025-04-29 23:00:00,43.96690684751942
1745971200000,8.87e-06,8.95e-06,8.84e-06,8.91e-06,350935746907.0,2025-04-30 00:00:00,46.75466618931387
1745974800000,8.92e-06,8.92e-06,8.76e-06,8.84e-06,203751806094.0,2025-04-30 01:00:00,42.746599095872135
1745978400000,8.83e-06,8.92e-06,8.8e-06,8.9e-06,207968332114.0,2025-04-30 02:00:00,46.944913355601635
1745982000000,8.9e-06,8.94e-06,8.83e-06,8.92e-06,186347385496.0,2025-04-30 03:00:00,48.30566856737551
1745985600000,8.92e-06,8.98e-06,8.89e-06,8.98e-06,303268902296.0,2025-04-30 04:00:00,52.261415112337566
1745989200000,8.98e-06,8.98e-06,8.87e-06,8.92e-06,278563087303.0,2025-04-30 05:00:00,48.282539839433305
1745992800000,8.92e-06,8.94e-06,8.88e-06,8.89e-06,108038563282.0,2025-04-30 06:00:00,46.38113237104176
1745996400000,8.9e-06,8.91e-06,8.78e-06,8.83e-06,298169218143.0,2025-04-30 07:00:00,42.754668844305336
1746000000000,8.84e-06,8.89e-06,8.81e-06,8.86e-06,343563701311.0,2025-04-30 08:00:00,45.067408473088
1746003600000,8.86e-06,8.96e-06,8.86e-06,8.95e-06,359292886092.0,2025-04-30 09:00:00,51.40964817275297
1746007200000,8.94e-06,9.04e-06,8.89e-06,9.03e-06,377634987757.0,2025-04-30 10:00:00,56.24544449878725
1746010800000,9.03e-06,9.13e-06,9.01e-06,9.09e-06,703530234335.0,2025-04-30 11:00:00,59.50088274345951
1746014400000,9.1e-06,9.11e-06,8.8e-06,8.85e-06,1460590229159.0,2025-04-30 12:00:00,45.05928722146391
1746018000000,8.85e-06,8.86e-06,8.45e-06,8.48e-06,2466631378905.0,2025-04-30 13:00:00,32.11719388660612
1746021600000,8.49e-06,8.74e-06,8.46e-06,8.62e-06,1315145295631.0,2025-04-30 14:00:00,39.22969901223009
1746025200000,8.63e-06,8.78e-06,8.61e-06,8.71e-06,598745248169.0,2025-04-30 15:00:00,43.3396903487546
1746028800000,8.71e-06,8.77e-06,8.61e-06,8.76e-06,515199590122.0,2025-04-30 16:00:00,45.543194430926384
1746032400000,8.75e-06,8.84e-06,8.7e-06,8.82e-06,454870000944.0,2025-04-30 17:00:00,48.14909126015012
1746036000000,8.81e-06,8.9e-06,8.79e-06,8.81e-06,689833991022.0,2025-04-30 18:00:00,47.739064321197205
1746039600000,8.81e-06,8.89e-06,8.72e-06,8.84e-06,317944356494.0,2025-04-30 19:00:00,49.13839480955513
1746043200000,8.85e-06,8.98e-06,8.83e-06,8.95e-06,648366965300.0,2025-04-30 20:00:00,54.001796076380145
1746046800000,8.95e-06,8.97e-06,8.86e-06,8.89e-06,283293780926.0,2025-04-30 21:00:00,51.12990305018187
1746050400000,8.88e-06,8.97e-06,8.88e-06,8.91e-06,424345294698.0,2025-04-30 22:00:00,52.04539349304976
1746054000000,8.91e-06,8.96e-06,8.86e-06,8.89e-06,245912440073.0,2025-04-30 23:00:00,51.01618519701786
1746057600000,8.9e-06,8.94e-06,8.86e-06,8.91e-06,230733953389.0,2025-05-01 00:00:00,52.03761018851733
1746061200000,8.92e-06,9.03e-06,8.91e-06,8.95e-06,481561779194.0,2025-05-01 01:00:00,54.09913889769003
1746064800000,8.96e-06,9e-06,8.91e-06,8.93e-06,258266492099.0,2025-05-01 02:00:00,52.87537752261509
1746068400000,8.93e-06,8.99e-06,8.87e-06,8.88e-06,221796128816.0,2025-05-01 03:00:00,49.84002370925068
1746072000000,8.89e-06,8.93e-06,8.84e-06,8.92e-06,265329602742.0,2025-05-01 04:00:00,52.203890804372925
1746075600000,8.92e-06,8.98e-06,8.89e-06,8.96e-06,286631683119.0,2025-05-01 05:00:00,54.512459849790176
1746079200000,8.95e-06,8.96e-06,8.88e-06,8.91e-06,311983778851.0,2025-05-01 06:00:00,51.18446109643456
1746082800000,8.91e-06,8.92e-06,8.86e-06,8.88e-06,482151635380.0,2025-05-01 07:00:00,49.241971328569726
1746086400000,8.89e-06,8.93e-06,8.86e-06,8.92e-06,272357323533.0,2025-05-01 08:00:00,51.86501124391741
1746090000000,8.92e-06,8.98e-06,8.89e-06,8.94e-06,367865384991.0,2025-05-01 09:00:00,53.16816603699925
1746093600000,8.95e-06,9.09e-06,8.94e-06,9.03e-06,903041636739.0,2025-05-01 10:00:00,58.599847233630385
1746097200000,9.03e-06,9.08e-06,8.95e-06,9.01e-06,546404675494.0,2025-05-01 11:00:00,57.01724595494206
1746100800000,9.01e-06,9.05e-06,8.98e-06,9.03e-06,535353457171.0,2025-05-01 12:00:00,58.23204087462928
1746104400000,9.03e-06,9.06e-06,8.79e-06,8.82e-06,1412833300325.0,2025-05-01 13:00:00,44.129146859599075
1746108000000,8.82e-06,8.89e-06,8.81e-06,8.87e-06,3118698075992.0,2025-05-01 14:00:00,47.39579307022853
1746111600000,8.87e-06,8.99e-06,8.82e-06,8.84e-06,1930396708870.0,2025-05-01 15:00:00,45.670401921627914
1746115200000,8.84e-06,8.93e-06,8.84e-06,8.86e-06,751654390076.0,2025-05-01 16:00:00,47.05419995958848
1746118800000,8.86e-06,8.95e-06,8.78e-06,8.84e-06,861540901332.0,2025-05-01 17:00:00,45.79797567757827
1746122400000,8.84e-06,8.85e-06,8.72e-06,8.79e-06,637627751497.0,2025-05-01 18:00:00,42.72687131598799
1746126000000,8.78e-06,8.81e-06,8.73e-06,8.75e-06,417013167224.0,2025-05-01 19:00:00,40.39324300295589
1746129600000,8.75e-06,8.83e-06,8.72e-06,8.79e-06,475864778616.0,2025-05-01 20:00:00,43.70447168411614
1746133200000,8.79e-06,8.85e-06,8.78e-06,8.8e-06,417987811532.0,2025-05-01 21:00:00,44.53402635727025
1746136800000,8.8e-06,8.83e-06,8.74e-06,8.75e-06,275765231387.0,2025-05-01 22:00:00,41.260189589192386
1746140400000,8.75e-06,8.77e-06,8.66e-06,8.73e-06,469924100582.0,2025-05-01 23:00:00,39.99370086160139
1746144000000,8.73e-06,8.85e-06,8.68e-06,8.81e-06,962403309094.0,2025-05-02 00:00:00,47.001453210961614
1746147600000,8.81e-06,8.85e-06,8.75e-06,8.81e-06,414008561555.0,2025-05-02 01:00:00,47.001453210961614
1746151200000,8.81e-06,8.9e-06,8.78e-06,8.9e-06,337991538572.0,2025-05-02 02:00:00,54.0091489644593
1746154800000,8.9e-06,8.91e-06,8.84e-06,8.87e-06,461318962279.0,2025-05-02 03:00:00,51.56176300726528
1746158400000,8.87e-06,8.89e-06,8.76e-06,8.79e-06,378830839006.0,2025-05-02 04:00:00,45.624495453900714
1746162000000,8.8e-06,8.85e-06,8.75e-06,8.78e-06,412412220793.0,2025-05-02 05:00:00,44.92807523473813
1746165600000,8.77e-06,8.82e-06,8.73e-06,8.76e-06,361424399241.0,2025-05-02 06:00:00,43.49800516829371
1746169200000,8.75e-06,8.79e-06,8.66e-06,8.68e-06,464760063134.0,2025-05-02 07:00:00,38.25296009088456
1746172800000,8.68e-06,8.77e-06,8.65e-06,8.73e-06,345080558327.0,2025-05-02 08:00:00,42.88818239016379
1746176400000,8.73e-06,8.78e-06,8.68e-06,8.7e-06,337102974234.0,2025-05-02 09:00:00,40.90411090560394
1746180000000,8.71e-06,8.75e-06,8.61e-06,8.64e-06,803639735184.0,2025-05-02 10:00:00,37.19772424726583
1746183600000,8.64e-06,8.7e-06,8.63e-06,8.65e-06,462537500695.0,2025-05-02 11:00:00,38.202770855593826
1746187200000,8.64e-06,8.69e-06,8.52e-06,8.67e-06,1185106615261.0,2025-05-02 12:00:00,40.26186938305025
1746190800000,8.67e-06,8.75e-06,8.64e-06,8.67e-06,586119612440.0,2025-05-02 13:00:00,40.26186938305025
1746194400000,8.67e-06,8.84e-06,8.67e-06,8.82e-06,950722870896.0,2025-05-02 14:00:00,53.68515833891705
1746198000000,8.82e-06,8.85e-06,8.69e-06,8.74e-06,589652842742.0,2025-05-02 15:00:00,47.54855508086952
1746201600000,8.73e-06,8.93e-06,8.73e-06,8.85e-06,852195256392.0,2025-05-02 16:00:00,55.14143551629935
1746205200000,8.85e-06,8.86e-06,8.75e-06,8.84e-06,480442233402.0,2025-05-02 17:00:00,54.37087382233377
1746208800000,8.83e-06,8.87e-06,8.78e-06,8.8e-06,287508341528.0,2025-05-02 18:00:00,51.2837516922033
1746212400000,8.79e-06,8.8e-06,8.61e-06,8.61e-06,604367122787.0,2025-05-02 19:00:00,39.7410982633924
1746216000000,8.61e-06,8.72e-06,8.59e-06,8.69e-06,449666237072.0,2025-05-02 20:00:00,45.32147742220729
1746219600000,8.69e-06,8.7e-06,8.55e-06,8.58e-06,360421755169.0,2025-05-02 21:00:00,39.85604998811088
1746223200000,8.59e-06,8.61e-06,8.55e-06,8.6e-06,316004922282.0,2025-05-02 22:00:00,41.24343957937214
1746226800000,8.59e-06,8.7e-06,8.58e-06,8.7e-06,280091151098.0,2025-05-02 23:00:00,47.73530612275934
1746230400000,8.69e-06,8.73e-06,8.56e-06,8.58e-06,620621372117.0,2025-05-03 00:00:00,41.771070965683705
1746234000000,8.58e-06,8.6e-06,8.48e-06,8.52e-06,957280926890.0,2025-05-03 01:00:00,39.13796705859728
1746237600000,8.52e-06,8.61e-06,8.51e-06,8.59e-06,330593721337.0,2025-05-03 02:00:00,43.60447875201197
1746241200000,8.59e-06,8.62e-06,8.54e-06,8.55e-06,326360745972.0,2025-05-03 03:00:00,41.72032500563107
1746244800000,8.55e-06,8.59e-06,8.53e-06,8.56e-06,215540925137.0,2025-05-03 04:00:00,42.390524128326156
1746248400000,8.56e-06,8.59e-06,8.53e-06,8.55e-06,236605440785.0,2025-05-03 05:00:00,41.871969156503674
1746252000000,8.55e-06,8.56e-06,8.47e-06,8.51e-06,446051915003.0,2025-05-03 06:00:00,39.77596831839448
1746255600000,8.51e-06,8.52e-06,8.45e-06,8.48e-06,283557941423.0,2025-05-03 07:00:00,38.23028147974107
1746259200000,8.49e-06,8.53e-06,8.45e-06,8.48e-06,174248851333.0,2025-05-03 08:00:00,38.23028147974107
1746262800000,8.48e-06,8.51e-06,8.46e-06,8.47e-06,138663051010.0,2025-05-03 09:00:00,37.664458491688784
1746266400000,8.47e-06,8.47e-06,8.31e-06,8.32e-06,958163143659.0,2025-05-03 10:00:00,30.397037839018367
1746270000000,8.31e-06,8.39e-06,8.31e-06,8.34e-06,310764672282.0,2025-05-03 11:00:00,32.27346137237667
1746273600000,8.35e-06,8.44e-06,8.34e-06,8.39e-06,302205477224.0,2025-05-03 12:00:00,36.85652925658027
1746277200000,8.4e-06,8.45e-06,8.4e-06,8.43e-06,265124617528.0,2025-05-03 13:00:00,40.335025506451224
1746280800000,8.44e-06,8.46e-06,8.39e-06,8.42e-06,250488440338.0,2025-05-03 14:00:00,39.745535917790434
1746284400000,8.42e-06,8.47e-06,8.41e-06,8.42e-06,262425620823.0,2025-05-03 15:00:00,39.745535917790434
1746288000000,8.43e-06,8.43e-06,8.17e-06,8.28e-06,883855095534.0,2025-05-03 16:00:00,32.12288901369941
1746291600000,8.27e-06,8.27e-06,8.07e-06,8.2e-06,1141671226104.0,2025-05-03 17:00:00,28.73188572663682
1746295200000,8.2e-06,8.24e-06,8.11e-06,8.17e-06,426412642523.0,2025-05-03 18:00:00,27.55708854403977
1746298800000,8.17e-06,8.29e-06,8.14e-06,8.28e-06,355000992305.0,2025-05-03 19:00:00,37.627516292500104
1746302400000,8.28e-06,8.3e-06,8.23e-06,8.24e-06,316387550336.0,2025-05-03 20:00:00,35.6848937701006
1746306000000,8.24e-06,8.31e-06,8.18e-06,8.24e-06,258446376977.0,2025-05-03 21:00:00,35.6848937701006
1746309600000,8.24e-06,8.29e-06,8.21e-06,8.24e-06,237287190995.0,2025-05-03 22:00:00,35.6848937701006
1746313200000,8.24e-06,8.26e-06,8.16e-06,8.17e-06,340307968346.0,2025-05-03 23:00:00,32.066419897824844
1746316800000,8.18e-06,8.24e-06,8.11e-06,8.12e-06,678016424264.0,2025-05-04 00:00:00,29.74619986504011
1746320400000,8.13e-06,8.21e-06,8.09e-06,8.2e-06,750416520205.0,2025-05-04 01:00:00,37.53419551941923
1746324000000,8.2e-06,8.27e-06,8.13e-06,8.17e-06,382258363768.0,2025-05-04 02:00:00,35.92585166778814
1746327600000,8.16e-06,8.17e-06,8.08e-06,8.1e-06,391893722670.0,2025-05-04 03:00:00,32.43357907235088
1746331200000,8.1e-06,8.16e-06,8.06e-06,8.08e-06,275661917311.0,2025-05-04 04:00:00,31.491660703903236
1746334800000,8.08e-06,8.25e-06,8.07e-06,8.2e-06,855196111172.0,2025-05-04 05:00:00,42.316174079905544
1746338400000,8.2e-06,8.24e-06,8.14e-06,8.23e-06,739697715686.0,2025-05-04 06:00:00,44.66987504038225
1746342000000,8.22e-06,8.27e-06,8.18e-06,8.21e-06,521464239757.0,2025-05-04 07:00:00,43.3985236365283
1746345600000,8.22e-06,8.22e-06,8.1e-06,8.14e-06,340086286328.0,2025-05-04 08:00:00,39.1939441553212
1746349200000,8.15e-06,8.18e-06,8.09e-06,8.13e-06,352817941448.0,2025-05-04 09:00:00,38.618334860362815
1746352800000,8.13e-06,8.2e-06,8.1e-06,8.17e-06,277545138848.0,2025-05-04 10:00:00,42.27050706139423
1746356400000,8.16e-06,8.25e-06,8.15e-06,8.22e-06,396372443278.0,2025-05-04 11:00:00,46.55148436863779
1746360000000,8.21e-06,8.28e-06,8.2e-06,8.23e-06,342599817445.0,2025-05-04 12:00:00,47.391744509381255
1746363600000,8.22e-06,8.25e-06,8.13e-06,8.19e-06,362781398968.0,2025-05-04 13:00:00,44.385891521127355
1746367200000,8.2e-06,8.25e-06,8.18e-06,8.22e-06,267802946555.0,2025-05-04 14:00:00,47.09607611477126
1746370800000,8.22e-06,8.24e-06,8.13e-06,8.16e-06,362396005318.0,2025-05-04 15:00:00,42.62238197779338
1746374400000,8.15e-06,8.19e-06,8.08e-06,8.12e-06,319611976086.0,2025-05-04 16:00:00,39.90118029695925
1746378000000,8.12e-06,8.14e-06,7.99e-06,8.06e-06,585946671185.0,2025-05-04 17:00:00,36.170769151554204
1746381600000,8.07e-06,8.12e-06,8.05e-06,8.06e-06,255683318399.0,2025-05-04 18:00:00,36.170769151554204
1746385200000,8.05e-06,8.13e-06,8.03e-06,8.1e-06,232950825978.0,2025-05-04 19:00:00,40.473640746978916
1746388800000,8.09e-06,8.21e-06,8.07e-06,8.16e-06,349396093137.0,2025-05-04 20:00:00,46.31929261342121
1746392400000,8.16e-06,8.17e-06,8.08e-06,8.16e-06,166987180729.0,2025-05-04 21:00:00,46.31929261342121
1746396000000,8.16e-06,8.16e-06,8.03e-06,8.11e-06,309265388083.0,2025-05-04 22:00:00,42.30420281442221
1746399600000,8.1e-06,8.11e-06,8.03e-06,8.09e-06,234813331555.0,2025-05-04 23:00:00,40.78141190050743
1746403200000,8.09e-06,8.23e-06,8.06e-06,8.22e-06,592317834975.0,2025-05-05 00:00:00,52.699805591042875
1746406800000,8.22e-06,8.23e-06,8.05e-06,8.1e-06,482020241786.0,2025-05-05 01:00:00,43.913938236018026
1746410400000,8.1e-06,8.23e-06,8.04e-06,8.2e-06,474002376916.0,2025-05-05 02:00:00,51.21323597886624
1746414000000,8.2e-06,8.3e-06,8.19e-06,8.22e-06,662381933587.0,2025-05-05 03:00:00,52.5434960438777
1746417600000,8.23e-06,8.33e-06,8.22e-06,8.29e-06,265561019105.0,2025-05-05 04:00:00,56.96628399720823
1746421200000,8.29e-06,8.34e-06,8.26e-06,8.33e-06,447176978564.0,2025-05-05 05:00:00,59.30047480339591
1746424800000,8.32e-06,8.36e-06,8.3e-06,8.34e-06,497812673288.0,2025-05-05 06:00:00,59.886269252201586
1746428400000,8.34e-06,8.35e-06,8.29e-06,8.35e-06,292492524278.0,2025-05-05 07:00:00,60.49855420146407
1746432000000,8.35e-06,8.36e-06,8.26e-06,8.29e-06,382313953987.0,2025-05-05 08:00:00,55.067412509238984
1746435600000,8.29e-06,8.32e-06,8.25e-06,8.27e-06,262531769877.0,2025-05-05 09:00:00,53.34820086661981
1746439200000,8.27e-06,8.28e-06,8.07e-06,8.12e-06,1074605449628.0,2025-05-05 10:00:00,42.60485195760299
1746442800000,8.13e-06,8.16e-06,8e-06,8.01e-06,1287337983384.0,2025-05-05 11:00:00,36.75874580201724
1746446400000,8.02e-06,8.03e-06,7.9e-06,7.96e-06,1615232649182.0,2025-05-05 12:00:00,34.44509892238794
1746450000000,7.96e-06,7.99e-06,7.86e-06,7.96e-06,1369846979925.0,2025-05-05 13:00:00,34.44509892238794
1746453600000,7.96e-06,8.01e-06,7.89e-06,7.93e-06,656039578645.0,2025-05-05 14:00:00,32.999766087252155
1746457200000,7.92e-06,7.94e-06,7.81e-06,7.87e-06,396374261785.0,2025-05-05 15:00:00,30.264563339604152
1746460800000,7.87e-06,7.93e-06,7.84e-06,7.87e-06,599992476958.0,2025-05-05 16:00:00,30.264563339604152
1746464400000,7.87e-06,7.98e-06,7.83e-06,7.97e-06,397231705396.0,2025-05-05 17:00:00,39.89426230227564
1746468000000,7.97e-06,8.05e-06,7.92e-06,8.03e-06,393167723137.0,2025-05-05 18:00:00,44.817975518714995
1746471600000,8.02e-06,8.06e-06,7.92e-06,7.94e-06,273466392754.0,2025-05-05 19:00:00,39.580371872396135
1746475200000,7.95e-06,7.95e-06,7.78e-06,7.88e-06,452173843326.0,2025-05-05 20:00:00,36.51654969443562
1746478800000,7.87e-06,7.99e-06,7.86e-06,7.95e-06,430001206824.0,2025-05-05 21:00:00,42.14343194181805
1746482400000,7.96e-06,8.04e-06,7.95e-06,8e-06,430833098473.0,2025-05-05 22:00:00,45.836367544031944
1746486000000,8e-06,8.02e-06,7.93e-06,7.94e-06,254285117315.0,2025-05-05 23:00:00,42.34357703541244
1746489600000,7.94e-06,7.95e-06,7.84e-06,7.92e-06,666448985620.0,2025-05-06 00:00:00,41.2161379955887
1746493200000,7.91e-06,7.99e-06,7.87e-06,7.88e-06,412077246495.0,2025-05-06 01:00:00,38.9806648976877
1746496800000,7.88e-06,7.9e-06,7.74e-06,7.84e-06,543259525308.0,2025-05-06 02:00:00,36.82945808571259
1746500400000,7.84e-06,7.92e-06,7.8e-06,7.91e-06,308896701536.0,2025-05-06 03:00:00,42.78058320064537
1746504000000,7.91e-06,7.98e-06,7.88e-06,7.95e-06,366642054146.0,2025-05-06 04:00:00,45.916031637261746
1746507600000,7.94e-06,7.96e-06,7.9e-06,7.92e-06,265401632920.0,2025-05-06 05:00:00,43.969962444942865
1746511200000,7.92e-06,8e-06,7.91e-06,7.99e-06,291507256117.0,2025-05-06 06:00:00,49.36288691093602
1746514800000,7.99e-06,8.03e-06,7.95e-06,7.97e-06,443652713348.0,2025-05-06 07:00:00,47.94302694745918
1746518400000,7.97e-06,7.97e-06,7.81e-06,7.93e-06,727939781474.0,2025-05-06 08:00:00,45.14610753477906
1746522000000,7.94e-06,7.94e-06,7.81e-06,7.85e-06,403004407359.0,2025-05-06 09:00:00,40.10663164998673
1746525600000,7.86e-06,7.86e-06,7.71e-06,7.75e-06,875655827209.0,2025-05-06 10:00:00,34.86727709119101
1746529200000,7.75e-06,7.79e-06,7.58e-06,7.64e-06,1002509598394.0,2025-05-06 11:00:00,30.194576900488826
1746532800000,7.63e-06,7.71e-06,7.61e-06,7.69e-06,959879721665.0,2025-05-06 12:00:00,34.49198247393328
1746536400000,7.7e-06,7.71e-06,7.61e-06,7.65e-06,706102087300.0,2025-05-06 13:00:00,32.754718853051074
1746540000000,7.66e-06,7.88e-06,7.65e-06,7.81e-06,951943699302.0,2025-05-06 14:00:00,44.74351324453349
1746543600000,7.81e-06,7.89e-06,7.78e-06,7.82e-06,502483984008.0,2025-05-06 15:00:00,45.39872425832872
1746547200000,7.83e-06,7.87e-06,7.73e-06,7.74e-06,527794438516.0,2025-05-06 16:00:00,41.19075689247784
1746550800000,7.74e-06,7.85e-06,7.73e-06,7.77e-06,506911484086.0,2025-05-06 17:00:00,43.312684466156476
1746554400000,7.78e-06,7.91e-06,7.77e-06,7.9e-06,428308258156.0,2025-05-06 18:00:00,51.48214436443054
1746558000000,7.9e-06,7.95e-06,7.86e-06,7.88e-06,468886766167.0,2025-05-06 19:00:00,50.28157392894695
1746561600000,7.88e-06,7.92e-06,7.75e-06,7.78e-06,369765938392.0,2025-05-06 20:00:00,44.672100700209846
1746565200000,7.78e-06,7.83e-06,7.64e-06,7.76e-06,382105041963.0,2025-05-06 21:00:00,43.62388128872015
1746568800000,7.75e-06,8e-06,7.75e-06,7.99e-06,1269842451484.0,2025-05-06 22:00:00,56.31796161676949
1746572400000,7.99e-06,8.03e-06,7.92e-06,7.99e-06,572815147061.0,2025-05-06 23:00:00,56.31796161676949
1746576000000,8e-06,8.12e-06,7.97e-06,8.11e-06,888932508471.0,2025-05-07 00:00:00,61.555880458296095
1746579600000,8.11e-06,8.14e-06,8.06e-06,8.09e-06,587474620210.0,2025-05-07 01:00:00,60.25896703723234
1746583200000,8.09e-06,8.1e-06,7.98e-06,8e-06,452737936479.0,2025-05-07 02:00:00,54.67634635649003
1746586800000,8e-06,8.06e-06,7.94e-06,8.03e-06,420765003083.0,2025-05-07 03:00:00,56.13514894438361
1746590400000,8.04e-06,8.08e-06,7.98e-06,8.01e-06,337139685697.0,2025-05-07 04:00:00,54.8672682893166
1746594000000,8e-06,8.04e-06,7.96e-06,8.02e-06,541891266219.0,2025-05-07 05:00:00,55.40956860588343
1746597600000,8.01e-06,8.07e-06,7.98e-06,8.02e-06,394965812847.0,2025-05-07 06:00:00,55.40956860588344
1746601200000,8.01e-06,8.21e-06,8.01e-06,8.17e-06,873972963733.0,2025-05-07 07:00:00,63.11884147968321
1746604800000,8.17e-06,8.2e-06,8.09e-06,8.16e-06,667725222687.0,2025-05-07 08:00:00,62.34497396502609
1746608400000,8.16e-06,8.19e-06,8.12e-06,8.19e-06,305263874492.0,2025-05-07 09:00:00,63.779689193495706
1746612000000,8.18e-06,8.22e-06,8.14e-06,8.17e-06,1124838950982.0,2025-05-07 10:00:00,62.08145315007154
1746615600000,8.17e-06,8.19e-06,8.11e-06,8.18e-06,424902904522.0,2025-05-07 11:00:00,62.61742205093101
1746619200000,8.19e-06,8.2e-06,8.09e-06,8.14e-06,472817234860.0,2025-05-07 12:00:00,59.02358669594276
1746622800000,8.15e-06,8.19e-06,8.06e-06,8.17e-06,1162898434833.0,2025-05-07 13:00:00,60.838948862219205
1746626400000,8.17e-06,8.22e-06,8.1e-06,8.14e-06,753254319241.0,2025-05-07 14:00:00,58.06847265347715
1746630000000,8.14e-06,8.14e-06,8.08e-06,8.09e-06,444045540780.0,2025-05-07 15:00:00,53.680884836864294
1746633600000,8.1e-06,8.17e-06,8.02e-06,8.17e-06,542453178177.0,2025-05-07 16:00:00,59.016659049795564
1746637200000,8.17e-06,8.2e-06,8.11e-06,8.16e-06,569288707812.0,2025-05-07 17:00:00,58.115454196057684
1746640800000,8.17e-06,8.32e-06,8.09e-06,8.24e-06,1441638243353.0,2025-05-07 18:00:00,62.98512753573601
1746644400000,8.24e-06,8.27e-06,8.13e-06,8.2e-06,530739553775.0,2025-05-07 19:00:00,59.27432918752533
1746648000000,8.2e-06,8.21e-06,8.12e-06,8.19e-06,255214469438.0,2025-05-07 20:00:00,58.34880872039485
1746651600000,8.19e-06,8.3e-06,8.15e-06,8.24e-06,392225904399.0,2025-05-07 21:00:00,61.57909942451189
1746655200000,8.24e-06,8.3e-06,8.22e-06,8.28e-06,306540853527.0,2025-05-07 22:00:00,63.9854912618701
1746658800000,8.28e-06,8.3e-06,8.23e-06,8.25e-06,237142937214.0,2025-05-07 23:00:00,60.904475233180555
1746662400000,8.25e-06,8.33e-06,8.22e-06,8.32e-06,351988833481.0,2025-05-08 00:00:00,65.12432109862499
1746666000000,8.32e-06,8.42e-06,8.31e-06,8.34e-06,934461548181.0,2025-05-08 01:00:00,66.24535744524064
1746669600000,8.34e-06,8.45e-06,8.33e-06,8.4e-06,714913898128.0,2025-05-08 02:00:00,69.42096440931367
1746673200000,8.4e-06,8.78e-06,8.38e-06,8.72e-06,2312530855472.0,2025-05-08 03:00:00,80.14801905918077
1746676800000,8.72e-06,8.86e-06,8.63e-06,8.67e-06,1589278596243.0,2025-05-08 04:00:00,75.68070400834654
1746680400000,8.67e-06,8.8e-06,8.67e-06,8.75e-06,871129988186.0,2025-05-08 05:00:00,77.81169933357445
1746684000000,8.76e-06,8.8e-06,8.7e-06,8.8e-06,427479450333.0,2025-05-08 06:00:00,79.0474559959193
1746687600000,8.79e-06,9e-06,8.78e-06,8.94e-06,1484233967979.0,2025-05-08 07:00:00,82.06024157336414
1746691200000,8.94e-06,9.29e-06,8.92e-06,9.16e-06,2364197003605.0,2025-05-08 08:00:00,85.57129959648336
1746694800000,9.17e-06,9.3e-06,9.11e-06,9.28e-06,1172604269374.0,2025-05-08 09:00:00,87.05905229533326
1746698400000,9.29e-06,9.3e-06,9.18e-06,9.23e-06,975143149173.0,2025-05-08 10:00:00,83.20916397756046
1746702000000,9.23e-06,9.24e-06,9.03e-06,9.09e-06,1143553118980.0,2025-05-08 11:00:00,73.41909130418205
1746705600000,9.1e-06,9.37e-06,9.09e-06,9.27e-06,1798053209353.0,2025-05-08 12:00:00,77.14273540775604
1746709200000,9.26e-06,9.47e-06,9.25e-06,9.44e-06,1610039134668.0,2025-05-08 13:00:00,79.99332306744243
1746712800000,9.45e-06,9.6e-06,9.33e-06,9.49e-06,2200881983997.0,2025-05-08 14:00:00,80.75358923060433
1746716400000,9.5e-06,1.007e-05,9.46e-06,9.87e-06,5203794432891.0,2025-05-08 15:00:00,85.31951929321221
1746720000000,9.87e-06,1.023e-05,9.85e-06,1.015e-05,4004772143245.0,2025-05-08 16:00:00,87.64530929868089
1746723600000,1.014e-05,1.031e-05,1.008e-05,1.024e-05,2431525981562.0,2025-05-08 17:00:00,88.28761913263577
1746727200000,1.025e-05,1.064e-05,1.025e-05,1.045e-05,3180424450093.0,2025-05-08 18:00:00,89.64092272683034
1746730800000,1.044e-05,1.065e-05,1.035e-05,1.062e-05,2094186108246.0,2025-05-08 19:00:00,90.58891352693817
1746734400000,1.063e-05,1.15e-05,1.054e-05,1.136e-05,3890302151420.0,2025-05-08 20:00:00,93.41418442755484
1746738000000,1.135e-05,1.178e-05,1.1e-05,1.116e-05,6050999490371.0,2025-05-08 21:00:00,85.90771914325639
1746741600000,1.117e-05,1.117e-05,1.085e-05,1.1e-05,3343141674320.0,2025-05-08 22:00:00,80.34537079321834
1746745200000,1.1e-05,1.117e-05,1.094e-05,1.112e-05,1944192542889.0,2025-05-08 23:00:00,81.32215517055934
1746748800000,1.112e-05,1.112e-05,1.09e-05,1.093e-05,1870745706702.0,2025-05-09 00:00:00,74.969227323726
1746752400000,1.094e-05,1.108e-05,1.085e-05,1.104e-05,1298220593426.0,2025-05-09 01:00:00,76.13177030738204
1746756000000,1.103e-05,1.108e-05,1.092e-05,1.094e-05,901307369641.0,2025-05-09 02:00:00,72.82060367870598
1746759600000,1.094e-05,1.105e-05,1.068e-05,1.071e-05,1486372077784.0,2025-05-09 03:00:00,65.73871879709638
1746763200000,1.072e-05,1.091e-05,1.064e-05,1.09e-05,1914073261001.0,2025-05-09 04:00:00,68.46689128156194
1746766800000,1.09e-05,1.105e-05,1.086e-05,1.104e-05,1227555504703.0,2025-05-09 05:00:00,70.34095562182546
1746770400000,1.104e-05,1.14e-05,1.1e-05,1.135e-05,2706104335668.0,2025-05-09 06:00:00,74.02252497658543
1746774000000,1.135e-05,1.22e-05,1.133e-05,1.193e-05,5343476699096.0,2025-05-09 07:00:00,79.2198080388672
1746777600000,1.193e-05,1.397e-05,1.19e-05,1.339e-05,17333049726691.0,2025-05-09 08:00:00,86.52703025727071
1746781200000,1.338e-05,1.365e-05,1.278e-05,1.328e-05,8839153323007.0,2025-05-09 09:00:00,84.12675305802432
1746784800000,1.328e-05,1.34e-05,1.296e-05,1.316e-05,4670427217910.0,2025-05-09 10:00:00,81.47160278446037
1746788400000,1.317e-05,1.318e-05,1.251e-05,1.264e-05,5621985158786.0,2025-05-09 11:00:00,71.01245526974836
1746792000000,1.263e-05,1.288e-05,1.22e-05,1.277e-05,3526387362498.0,2025-05-09 12:00:00,71.98088719902778
1746795600000,1.277e-05,1.298e-05,1.257e-05,1.283e-05,2214568887796.0,2025-05-09 13:00:00,72.43855694223272
1746799200000,1.283e-05,1.283e-05,1.206e-05,1.245e-05,4216510898660.0,2025-05-09 14:00:00,65.17730883287626
1746802800000,1.246e-05,1.26e-05,1.23e-05,1.252e-05,1896080427522.0,2025-05-09 15:00:00,65.85628017970188
1746806400000,1.252e-05,1.254e-05,1.194e-05,1.2e-05,2276133044009.0,2025-05-09 16:00:00,56.96990583138459
1746810000000,1.201e-05,1.25e-05,1.197e-05,1.247e-05,1634266633111.0,2025-05-09 17:00:00,61.96547119704932
1746813600000,1.247e-05,1.251e-05,1.233e-05,1.241e-05,1107279346641.0,2025-05-09 18:00:00,60.9919995726113
1746817200000,1.242e-05,1.246e-05,1.223e-05,1.233e-05,879594567886.0,2025-05-09 19:00:00,59.646504965929445
1746820800000,1.234e-05,1.247e-05,1.229e-05,1.239e-05,681432729646.0,2025-05-09 20:00:00,60.35293008437891
1746824400000,1.239e-05,1.245e-05,1.214e-05,1.229e-05,934296119494.0,2025-05-09 21:00:00,58.51435720523802
1746828000000,1.229e-05,1.236e-05,1.216e-05,1.216e-05,633196879982.0,2025-05-09 22:00:00,56.12084985926729
1746831600000,1.217e-05,1.238e-05,1.216e-05,1.237e-05,851334985535.0,2025-05-09 23:00:00,59.035839470662765
1746835200000,1.237e-05,1.281e-05,1.216e-05,1.227e-05,2624530514817.0,2025-05-10 00:00:00,57.09087838069227
1746838800000,1.227e-05,1.274e-05,1.225e-05,1.25e-05,1761032313791.0,2025-05-10 01:00:00,60.32822585812315
1746842400000,1.249e-05,1.26e-05,1.234e-05,1.25e-05,1035016766562.0,2025-05-10 02:00:00,60.32822585812315
1746846000000,1.25e-05,1.269e-05,1.237e-05,1.265e-05,739258433480.0,2025-05-10 03:00:00,62.46989445041148
1746849600000,1.265e-05,1.265e-05,1.244e-05,1.249e-05,618514896330.0,2025-05-10 04:00:00,58.82214572251583
1746853200000,1.249e-05,1.272e-05,1.244e-05,1.265e-05,947585643124.0,2025-05-10 05:00:00,61.258367088143245
1746856800000,1.266e-05,1.295e-05,1.264e-05,1.29e-05,2213686602591.0,2025-05-10 06:00:00,64.7660408278096
1746860400000,1.29e-05,1.34e-05,1.286e-05,1.322e-05,3602673049604.0,2025-05-10 07:00:00,68.67552711609726
1746864000000,1.322e-05,1.36e-05,1.296e-05,1.324e-05,4903466079262.0,2025-05-10 08:00:00,68.90773412325784
1746867600000,1.325e-05,1.338e-05,1.29e-05,1.327e-05,3011571758887.0,2025-05-10 09:00:00,69.27565139485039
1746871200000,1.328e-05,1.334e-05,1.296e-05,1.298e-05,1481909810324.0,2025-05-10 10:00:00,61.67784191410521
1746874800000,1.298e-05,1.306e-05,1.259e-05,1.271e-05,2837754561983.0,2025-05-10 11:00:00,55.56732790845089
1746878400000,1.272e-05,1.296e-05,1.271e-05,1.284e-05,1614919617986.0,2025-05-10 12:00:00,57.73832647461493
1746882000000,1.285e-05,1.305e-05,1.272e-05,1.301e-05,902513842269.0,2025-05-10 13:00:00,60.45910887779068
1746885600000,1.301e-05,1.31e-05,1.281e-05,1.299e-05,867860469817.0,2025-05-10 14:00:00,59.969953771949946
1746889200000,1.299e-05,1.299e-05,1.278e-05,1.284e-05,1581896335142.0,2025-05-10 15:00:00,56.291433891104
1746892800000,1.285e-05,1.336e-05,1.28e-05,1.331e-05,1766577862007.0,2025-05-10 16:00:00,63.78686761013439
1746896400000,1.33e-05,1.387e-05,1.324e-05,1.336e-05,4612024506300.0,2025-05-10 17:00:00,64.48462342183333
1746900000000,1.335e-05,1.352e-05,1.326e-05,1.342e-05,1686783722684.0,2025-05-10 18:00:00,65.34747904623325
1746903600000,1.342e-05,1.348e-05,1.322e-05,1.334e-05,752600658829.0,2025-05-10 19:00:00,63.14464560692117
1746907200000,1.334e-05,1.342e-05,1.309e-05,1.329e-05,885419089514.0,2025-05-10 20:00:00,61.74373501013577
1746910800000,1.328e-05,1.35e-05,1.322e-05,1.347e-05,834002096215.0,2025-05-10 21:00:00,64.77363892809784
1746914400000,1.346e-05,1.356e-05,1.337e-05,1.347e-05,1285134765221.0,2025-05-10 22:00:00,64.77363892809784
1746918000000,1.346e-05,1.406e-05,1.341e-05,1.37e-05,3047775732503.0,2025-05-10 23:00:00,68.47381512753043
1746921600000,1.37e-05,1.38e-05,1.309e-05,1.338e-05,2704317434999.0,2025-05-11 00:00:00,59.162556662927706
1746925200000,1.339e-05,1.346e-05,1.291e-05,1.303e-05,2199791075649.0,2025-05-11 01:00:00,50.994642630429176
1746928800000,1.303e-05,1.324e-05,1.288e-05,1.303e-05,1388661605236.0,2025-05-11 02:00:00,50.994642630429176
1746932400000,1.303e-05,1.316e-05,1.288e-05,1.305e-05,905751478635.0,2025-05-11 03:00:00,51.438950095889616
1746936000000,1.304e-05,1.32e-05,1.301e-05,1.319e-05,632658908544.0,2025-05-11 04:00:00,54.545642775099545
1746939600000,1.32e-05,1.324e-05,1.301e-05,1.302e-05,619241635613.0,2025-05-11 05:00:00,50.33466474410523
1746943200000,1.303e-05,1.317e-05,1.29e-05,1.297e-05,1185900402757.0,2025-05-11 06:00:00,49.133219721175855
1746946800000,1.297e-05,1.3e-05,1.258e-05,1.277e-05,2262876257436.0,2025-05-11 07:00:00,44.55231104397721
1746950400000,1.277e-05,1.298e-05,1.275e-05,1.279e-05,760935148292.0,2025-05-11 08:00:00,45.10350658670861
1746954000000,1.279e-05,1.305e-05,1.279e-05,1.301e-05,715225924727.0,2025-05-11 09:00:00,50.88706950456859
1746957600000,1.301e-05,1.32e-05,1.3e-05,1.314e-05,770683288405.0,2025-05-11 10:00:00,53.97288509078207
1746961200000,1.314e-05,1.327e-05,1.309e-05,1.325e-05,915226122945.0,2025-05-11 11:00:00,56.46542676023549
1746964800000,1.325e-05,1.352e-05,1.324e-05,1.344e-05,1622948039091.0,2025-05-11 12:00:00,60.44949115085393
1746968400000,1.344e-05,1.365e-05,1.306e-05,1.307e-05,2485838265040.0,2025-05-11 13:00:00,50.71597708516444
1746972000000,1.308e-05,1.343e-05,1.307e-05,1.336e-05,1247807088182.0,2025-05-11 14:00:00,56.61281800775926
1746975600000,1.336e-05,1.358e-05,1.318e-05,1.33e-05,1711431337818.0,2025-05-11 15:00:00,55.14274277429264
1746979200000,1.331e-05,1.343e-05,1.304e-05,1.342e-05,1264741822859.0,2025-05-11 16:00:00,57.51869299248864
1746982800000,1.343e-05,1.416e-05,1.334e-05,1.396e-05,4031945836651.0,2025-05-11 17:00:00,66.19576069740744
1746986400000,1.396e-05,1.424e-05,1.345e-05,1.37e-05,3599910878648.0,2025-05-11 18:00:00,59.85634037030324
1746990000000,1.369e-05,1.4e-05,1.35e-05,1.355e-05,1086939505933.0,2025-05-11 19:00:00,56.49485764402657
1746993600000,1.354e-05,1.356e-05,1.334e-05,1.35e-05,856580685855.0,2025-05-11 20:00:00,55.37844459080112
1746997200000,1.35e-05,1.37e-05,1.339e-05,1.367e-05,774086003506.0,2025-05-11 21:00:00,58.389265796867946
1747000800000,1.367e-05,1.377e-05,1.342e-05,1.365e-05,1521273627892.0,2025-05-11 22:00:00,57.89433770006191
1747004400000,1.366e-05,1.383e-05,1.352e-05,1.361e-05,988797541740.0,2025-05-11 23:00:00,56.85632525425185
1747008000000,1.362e-05,1.42e-05,1.357e-05,1.411e-05,2600587170850.0,2025-05-12 00:00:00,65.24476822260834
1747011600000,1.411e-05,1.438e-05,1.38e-05,1.424e-05,3430733054771.0,2025-05-12 01:00:00,67.03917275416177
1747015200000,1.423e-05,1.48e-05,1.415e-05,1.434e-05,3771765881067.0,2025-05-12 02:00:00,68.39109271959683
1747018800000,1.435e-05,1.444e-05,1.411e-05,1.441e-05,1533210361062.0,2025-05-12 03:00:00,69.33911869324334
1747022400000,1.442e-05,1.464e-05,1.416e-05,1.424e-05,1641756783412.0,2025-05-12 04:00:00,64.29566528901768
1747026000000,1.425e-05,1.439e-05,1.382e-05,1.401e-05,1889855213238.0,2025-05-12 05:00:00,58.13470042253351
1747029600000,1.401e-05,1.445e-05,1.391e-05,1.441e-05,1350966638494.0,2025-05-12 06:00:00,64.5048905674338
1747033200000,1.441e-05,1.5e-05,1.441e-05,1.466e-05,5022737998955.0,2025-05-12 07:00:00,67.80240239343405
1747036800000,1.466e-05,1.541e-05,1.454e-05,1.517e-05,4149212898926.0,2025-05-12 08:00:00,73.25992260761797
1747040400000,1.517e-05,1.523e-05,1.479e-05,1.482e-05,1966785130806.0,2025-05-12 09:00:00,65.10418336653927
1747044000000,1.483e-05,1.5e-05,1.472e-05,1.476e-05,1207985124961.0,2025-05-12 10:00:00,63.79307584655293
1747047600000,1.476e-05,1.483e-05,1.436e-05,1.44e-05,1580537865238.0,2025-05-12 11:00:00,56.44773629512832
1747051200000,1.439e-05,1.455e-05,1.427e-05,1.446e-05,1353923522571.0,2025-05-12 12:00:00,57.32959405647631
1747054800000,1.446e-05,1.464e-05,1.414e-05,1.446e-05,2687689306891.0,2025-05-12 13:00:00,57.32959405647631
1747058400000,1.445e-05,1.45e-05,1.376e-05,1.389e-05,4681642398470.0,2025-05-12 14:00:00,46.87273852057671
1747062000000,1.389e-05,1.405e-05,1.362e-05,1.375e-05,2283306334543.0,2025-05-12 15:00:00,44.71540508528742
1747065600000,1.376e-05,1.402e-05,1.365e-05,1.39e-05,1310231950894.0,2025-05-12 16:00:00,47.503302790380936
1747069200000,1.39e-05,1.398e-05,1.339e-05,1.353e-05,1171249258000.0,2025-05-12 17:00:00,41.89159843442735
1747072800000,1.354e-05,1.361e-05,1.278e-05,1.303e-05,3579117555090.0,2025-05-12 18:00:00,35.74615440894782
1747076400000,1.303e-05,1.343e-05,1.3e-05,1.331e-05,1707237524766.0,2025-05-12 19:00:00,40.96869064740122
1747080000000,1.331e-05,1.372e-05,1.324e-05,1.366e-05,960030597193.0,2025-05-12 20:00:00,46.7905994664698
1747083600000,1.366e-05,1.371e-05,1.352e-05,1.357e-05,597320332136.0,2025-05-12 21:00:00,45.54666161787174
1747087200000,1.358e-05,1.376e-05,1.35e-05,1.359e-05,764530686725.0,2025-05-12 22:00:00,45.89091832130086
1747090800000,1.359e-05,1.375e-05,1.357e-05,1.362e-05,476680712880.0,2025-05-12 23:00:00,46.43792325721179
1747094400000,1.363e-05,1.366e-05,1.322e-05,1.326e-05,1334443640440.0,2025-05-13 00:00:00,41.07212670103518
1747098000000,1.325e-05,1.342e-05,1.309e-05,1.329e-05,1923094307857.0,2025-05-13 01:00:00,41.676917698722114
1747101600000,1.329e-05,1.336e-05,1.286e-05,1.305e-05,2351058257556.0,2025-05-13 02:00:00,38.29114661161641
1747105200000,1.306e-05,1.313e-05,1.274e-05,1.291e-05,1531718102730.0,2025-05-13 03:00:00,36.43186619411162
1747108800000,1.291e-05,1.326e-05,1.284e-05,1.324e-05,1196062942783.0,2025-05-13 04:00:00,43.40739014205147
1747112400000,1.324e-05,1.333e-05,1.309e-05,1.323e-05,678180722197.0,2025-05-13 05:00:00,43.252501580554245
1747116000000,1.323e-05,1.333e-05,1.317e-05,1.325e-05,623516235551.0,2025-05-13 06:00:00,43.68530638809525
1747119600000,1.324e-05,1.369e-05,1.322e-05,1.349e-05,1767540202595.0,2025-05-13 07:00:00,48.737829141781724
1747123200000,1.349e-05,1.372e-05,1.349e-05,1.357e-05,919667391468.0,2025-05-13 08:00:00,50.337314187457785
1747126800000,1.357e-05,1.412e-05,1.357e-05,1.404e-05,2161552649485.0,2025-05-13 09:00:00,58.5250152750042
1747130400000,1.404e-05,1.41e-05,1.381e-05,1.398e-05,1707265470904.0,2025-05-13 10:00:00,57.22790266338939
1747134000000,1.397e-05,1.427e-05,1.389e-05,1.405e-05,1415001609287.0,2025-05-13 11:00:00,58.386679980938844
1747137600000,1.405e-05,1.43e-05,1.373e-05,1.404e-05,3563935810863.0,2025-05-13 12:00:00,58.14433529980009
1747141200000,1.404e-05,1.424e-05,1.396e-05,1.406e-05,1762175470934.0,2025-05-13 13:00:00,58.515206680771875
1747144800000,1.406e-05,1.419e-05,1.363e-05,1.386e-05,3301237522794.0,2025-05-13 14:00:00,53.417902052078425
1747148400000,1.385e-05,1.425e-05,1.38e-05,1.42e-05,1430267648370.0,2025-05-13 15:00:00,59.82499965067332
1747152000000,1.42e-05,1.454e-05,1.413e-05,1.439e-05,2184991248540.0,2025-05-13 16:00:00,62.89627775016499
1747155600000,1.439e-05,1.468e-05,1.438e-05,1.462e-05,1636715491561.0,2025-05-13 17:00:00,66.25892342449161
1747159200000,1.462e-05,1.494e-05,1.453e-05,1.473e-05,1964347463750.0,2025-05-13 18:00:00,67.76365473697635
1747162800000,1.473e-05,1.51e-05,1.457e-05,1.478e-05,1996222198591.0,2025-05-13 19:00:00,68.45235301635269
1747166400000,1.478e-05,1.482e-05,1.455e-05,1.471e-05,1043145524838.0,2025-05-13 20:00:00,66.316280090084
1747170000000,1.471e-05,1.491e-05,1.462e-05,1.479e-05,942836371183.0,2025-05-13 21:00:00,67.56210493920572
1747173600000,1.479e-05,1.484e-05,1.444e-05,1.449e-05,1093928505361.0,2025-05-13 22:00:00,58.78204319028447
1747177200000,1.449e-05,1.46e-05,1.437e-05,1.444e-05,770228030729.0,2025-05-13 23:00:00,57.4421851585531
1747180800000,1.444e-05,1.449e-05,1.423e-05,1.433e-05,752824585063.0,2025-05-14 00:00:00,54.49904874135661
1747184400000,1.433e-05,1.448e-05,1.412e-05,1.42e-05,1005980436767.0,2025-05-14 01:00:00,51.162723037332746
1747188000000,1.42e-05,1.422e-05,1.386e-05,1.395e-05,2368248077490.0,2025-05-14 02:00:00,45.406014487113545
1747191600000,1.395e-05,1.404e-05,1.383e-05,1.401e-05,762107842213.0,2025-05-14 03:00:00,46.94882132195981
1747195200000,1.401e-05,1.427e-05,1.391e-05,1.426e-05,1122258892597.0,2025-05-14 04:00:00,52.91898225268942
1747198800000,1.425e-05,1.447e-05,1.416e-05,1.438e-05,834462679821.0,2025-05-14 05:00:00,55.50723293607309
1747202400000,1.438e-05,1.446e-05,1.428e-05,1.429e-05,661506265406.0,2025-05-14 06:00:00,53.147362504232355
1747206000000,1.43e-05,1.431e-05,1.4e-05,1.408e-05,1360089100182.0,2025-05-14 07:00:00,48.01756542268164
1747209600000,1.408e-05,1.417e-05,1.386e-05,1.388e-05,1830813182516.0,2025-05-14 08:00:00,43.69224565414463
1747213200000,1.389e-05,1.407e-05,1.379e-05,1.4e-05,1279703882315.0,2025-05-14 09:00:00,46.789328055239935
1747216800000,1.4e-05,1.416e-05,1.397e-05,1.399e-05,643893642075.0,2025-05-14 10:00:00,46.55950355131186
1747220400000,1.399e-05,1.431e-05,1.398e-05,1.423e-05,1029385095179.0,2025-05-14 11:00:00,52.57968870956379
1747224000000,1.423e-05,1.433e-05,1.395e-05,1.399e-05,1003936611483.0,2025-05-14 12:00:00,46.89098395728063
1747227600000,1.399e-05,1.409e-05,1.367e-05,1.386e-05,1788548993319.0,2025-05-14 13:00:00,44.1072835734321
1747231200000,1.386e-05,1.392e-05,1.364e-05,1.39e-05,1464379716693.0,2025-05-14 14:00:00,45.18555838458551
1747234800000,1.391e-05,1.397e-05,1.37e-05,1.395e-05,794122276465.0,2025-05-14 15:00:00,46.57304674317878
1747238400000,1.394e-05,1.395e-05,1.365e-05,1.376e-05,913845494831.0,2025-05-14 16:00:00,42.20154200427643
1747242000000,1.376e-05,1.389e-05,1.348e-05,1.387e-05,1429483317854.0,2025-05-14 17:00:00,45.39702406843371
1747245600000,1.387e-05,1.397e-05,1.379e-05,1.394e-05,557559557688.0,2025-05-14 18:00:00,47.39033791123292
1747249200000,1.394e-05,1.397e-05,1.383e-05,1.394e-05,393965173475.0,2025-05-14 19:00:00,47.39033791123292
1747252800000,1.394e-05,1.4e-05,1.385e-05,1.389e-05,399389893570.0,2025-05-14 20:00:00,45.9992597155769
1747256400000,1.389e-05,1.397e-05,1.374e-05,1.397e-05,262239262223.0,2025-05-14 21:00:00,48.59904563140061
1747260000000,1.396e-05,1.4e-05,1.377e-05,1.388e-05,348344959840.0,2025-05-14 22:00:00,45.92060117914947
1747263600000,1.388e-05,1.398e-05,1.376e-05,1.39e-05,277310248491.0,2025-05-14 23:00:00,46.624594054357296
1747267200000,1.39e-05,1.415e-05,1.39e-05,1.397e-05,611291978288.0,2025-05-15 00:00:00,49.12106846602076
1747270800000,1.397e-05,1.403e-05,1.347e-05,1.354e-05,1022820450903.0,2025-05-15 01:00:00,37.51375803149061
1747274400000,1.355e-05,1.374e-05,1.351e-05,1.366e-05,656179956950.0,2025-05-15 02:00:00,41.65708665649518
1747278000000,1.366e-05,1.373e-05,1.356e-05,1.361e-05,503769833450.0,2025-05-15 03:00:00,40.45345383313599
1747281600000,1.361e-05,1.38e-05,1.357e-05,1.376e-05,602316213549.0,2025-05-15 04:00:00,45.53749094464058
1747285200000,1.376e-05,1.377e-05,1.335e-05,1.343e-05,752115258123.0,2025-05-15 05:00:00,37.87584864444563
1747288800000,1.343e-05,1.377e-05,1.343e-05,1.364e-05,731423675438.0,2025-05-15 06:00:00,44.29843841482954
1747292400000,1.363e-05,1.367e-05,1.304e-05,1.312e-05,1358364989806.0,2025-05-15 07:00:00,34.725125226573894
1747296000000,1.311e-05,1.364e-05,1.311e-05,1.361e-05,981164946590.0,2025-05-15 08:00:00,46.465567843462644
1747299600000,1.361e-05,1.363e-05,1.333e-05,1.352e-05,690261250237.0,2025-05-15 09:00:00,44.869253628331165
1747303200000,1.353e-05,1.355e-05,1.325e-05,1.339e-05,648281175375.0,2025-05-15 10:00:00,42.59304857113186
1747306800000,1.338e-05,1.378e-05,1.337e-05,1.368e-05,1915605818999.0,2025-05-15 11:00:00,48.82929499627769
1747310400000,1.368e-05,1.397e-05,1.356e-05,1.37e-05,1476921951312.0,2025-05-15 12:00:00,49.23884502409725
1747314000000,1.37e-05,1.38e-05,1.335e-05,1.344e-05,1587498556731.0,2025-05-15 13:00:00,44.27752818155862
1747317600000,1.345e-05,1.353e-05,1.291e-05,1.317e-05,2762239781893.0,2025-05-15 14:00:00,39.79342566602213
1747321200000,1.316e-05,1.374e-05,1.308e-05,1.361e-05,1390357235174.0,2025-05-15 15:00:00,48.87922586533455
1747324800000,1.362e-05,1.395e-05,1.354e-05,1.392e-05,1284005411697.0,2025-05-15 16:00:00,54.131284263623485
1747328400000,1.392e-05,1.412e-05,1.378e-05,1.383e-05,1238165167391.0,2025-05-15 17:00:00,52.44661336697715
1747332000000,1.383e-05,1.39e-05,1.319e-05,1.321e-05,1274816866019.0,2025-05-15 18:00:00,42.60877552624359
1747335600000,1.321e-05,1.339e-05,1.306e-05,1.323e-05,1254945322574.0,2025-05-15 19:00:00,42.98033629355294
1747339200000,1.323e-05,1.335e-05,1.303e-05,1.312e-05,1103651906181.0,2025-05-15 20:00:00,41.39303628936199
1747342800000,1.311e-05,1.316e-05,1.286e-05,1.311e-05,994045957323.0,2025-05-15 21:00:00,41.243914507540204
1747346400000,1.31e-05,1.327e-05,1.299e-05,1.3e-05,668193554348.0,2025-05-15 22:00:00,39.555802092073016
1747350000000,1.3e-05,1.307e-05,1.267e-05,1.302e-05,1634526119019.0,2025-05-15 23:00:00,40.03636630073932
1747353600000,1.303e-05,1.332e-05,1.295e-05,1.315e-05,1101238020009.0,2025-05-16 00:00:00,43.19763396890801
1747357200000,1.315e-05,1.33e-05,1.299e-05,1.323e-05,940766190035.0,2025-05-16 01:00:00,45.11522731896457
1747360800000,1.323e-05,1.351e-05,1.322e-05,1.34e-05,1397775735866.0,2025-05-16 02:00:00,49.05133116656283
1747364400000,1.34e-05,1.351e-05,1.337e-05,1.341e-05,969770339643.0,2025-05-16 03:00:00,49.28174827122064
1747368000000,1.341e-05,1.356e-05,1.33e-05,1.345e-05,693074043360.0,2025-05-16 04:00:00,50.250943783693586
1747371600000,1.346e-05,1.361e-05,1.345e-05,1.349e-05,633895814209.0,2025-05-16 05:00:00,51.25410300475165
1747375200000,1.35e-05,1.358e-05,1.344e-05,1.347e-05,534895211554.0,2025-05-16 06:00:00,50.70357640866485
1747378800000,1.347e-05,1.364e-05,1.337e-05,1.345e-05,778188042132.0,2025-05-16 07:00:00,50.12377650934297
1747382400000,1.345e-05,1.349e-05,1.316e-05,1.329e-05,912467557165.0,2025-05-16 08:00:00,45.62855659633975
1747386000000,1.33e-05,1.355e-05,1.328e-05,1.353e-05,768504243435.0,2025-05-16 09:00:00,52.50869540543935
1747389600000,1.354e-05,1.359e-05,1.342e-05,1.356e-05,647787747673.0,2025-05-16 10:00:00,53.304121050465994
1747393200000,1.356e-05,1.362e-05,1.341e-05,1.345e-05,785748497302.0,2025-05-16 11:00:00,49.997460967458345
1747396800000,1.346e-05,1.355e-05,1.334e-05,1.342e-05,504469964550.0,2025-05-16 12:00:00,49.10282066314777
1747400400000,1.341e-05,1.374e-05,1.337e-05,1.37e-05,1000543456877.0,2025-05-16 13:00:00,56.861487984018055
1747404000000,1.37e-05,1.375e-05,1.34e-05,1.352e-05,1409245343440.0,2025-05-16 14:00:00,51.4335025582793
1747407600000,1.352e-05,1.38e-05,1.351e-05,1.365e-05,1038153617325.0,2025-05-16 15:00:00,54.79017389222362
1747411200000,1.365e-05,1.377e-05,1.334e-05,1.351e-05,859934779203.0,2025-05-16 16:00:00,50.72426913812707
1747414800000,1.351e-05,1.356e-05,1.326e-05,1.33e-05,560707456507.0,2025-05-16 17:00:00,45.29456062507549
1747418400000,1.33e-05,1.341e-05,1.329e-05,1.334e-05,340279965221.0,2025-05-16 18:00:00,46.46995525931692
1747422000000,1.334e-05,1.347e-05,1.33e-05,1.344e-05,415764512823.0,2025-05-16 19:00:00,49.39715794264955
1747425600000,1.344e-05,1.344e-05,1.306e-05,1.319e-05,677499994451.0,2025-05-16 20:00:00,43.05797250289172
1747429200000,1.319e-05,1.329e-05,1.308e-05,1.311e-05,339176102762.0,2025-05-16 21:00:00,41.234388740816435
1747432800000,1.312e-05,1.313e-05,1.252e-05,1.264e-05,1202728963951.0,2025-05-16 22:00:00,32.52034336475988
1747436400000,1.264e-05,1.276e-05,1.258e-05,1.259e-05,753778522420.0,2025-05-16 23:00:00,31.751597718025295
1747440000000,1.26e-05,1.276e-05,1.244e-05,1.256e-05,1004293934204.0,2025-05-17 00:00:00,31.273908279977306
1747443600000,1.255e-05,1.257e-05,1.223e-05,1.239e-05,1430154967326.0,2025-05-17 01:00:00,28.644080598380953
1747447200000,1.239e-05,1.256e-05,1.227e-05,1.247e-05,1042227909617.0,2025-05-17 02:00:00,31.56067862653198
1747450800000,1.246e-05,1.253e-05,1.228e-05,1.252e-05,517287883720.0,2025-05-17 03:00:00,33.39312112649179
1747454400000,1.253e-05,1.268e-05,1.244e-05,1.259e-05,660350394715.0,2025-05-17 04:00:00,35.977579089649694
1747458000000,1.259e-05,1.264e-05,1.234e-05,1.238e-05,462218583072.0,2025-05-17 05:00:00,31.969861735039018
1747461600000,1.238e-05,1.248e-05,1.234e-05,1.246e-05,399061535491.0,2025-05-17 06:00:00,34.94299640225407
1747465200000,1.246e-05,1.257e-05,1.234e-05,1.244e-05,460566214445.0,2025-05-17 07:00:00,34.536629923015354
1747468800000,1.245e-05,1.251e-05,1.234e-05,1.236e-05,506591205131.0,2025-05-17 08:00:00,32.88902382425849
1747472400000,1.235e-05,1.247e-05,1.226e-05,1.24e-05,671731179067.0,2025-05-17 09:00:00,34.569786740760364
1747476000000,1.239e-05,1.254e-05,1.237e-05,1.247e-05,438919806385.0,2025-05-17 10:00:00,37.51885362715786
1747479600000,1.247e-05,1.249e-05,1.227e-05,1.236e-05,405758022257.0,2025-05-17 11:00:00,34.85989437313248
1747483200000,1.235e-05,1.239e-05,1.228e-05,1.228e-05,573159715273.0,2025-05-17 12:00:00,33.026696907863396
1747486800000,1.229e-05,1.237e-05,1.212e-05,1.223e-05,918156088642.0,2025-05-17 13:00:00,31.897663597027872
1747490400000,1.223e-05,1.255e-05,1.222e-05,1.253e-05,932312064707.0,2025-05-17 14:00:00,44.21914010285267
1747494000000,1.253e-05,1.254e-05,1.238e-05,1.241e-05,485786385910.0,2025-05-17 15:00:00,41.02199604844699
1747497600000,1.24e-05,1.246e-05,1.204e-05,1.226e-05,985687398035.0,2025-05-17 16:00:00,37.383464420712414
1747501200000,1.225e-05,1.236e-05,1.217e-05,1.218e-05,760785833303.0,2025-05-17 17:00:00,35.571320188711155
1747504800000,1.219e-05,1.237e-05,1.202e-05,1.205e-05,916288946986.0,2025-05-17 18:00:00,32.7897538615406
1747508400000,1.206e-05,1.22e-05,1.202e-05,1.208e-05,452639168602.0,2025-05-17 19:00:00,34.070988254214114
1747512000000,1.208e-05,1.237e-05,1.202e-05,1.231e-05,715749779546.0,2025-05-17 20:00:00,43.03660610567549
1747515600000,1.231e-05,1.233e-05,1.22e-05,1.225e-05,433343091439.0,2025-05-17 21:00:00,41.452927806990814
1747519200000,1.226e-05,1.227e-05,1.196e-05,1.203e-05,705878516938.0,2025-05-17 22:00:00,36.19374162254653
1747522800000,1.203e-05,1.221e-05,1.2e-05,1.216e-05,524051773393.0,2025-05-17 23:00:00,40.96038039550439
1747526400000,1.217e-05,1.232e-05,1.213e-05,1.225e-05,538140284594.0,2025-05-18 00:00:00,44.07522951096834
1747530000000,1.225e-05,1.24e-05,1.221e-05,1.236e-05,419927327787.0,2025-05-18 01:00:00,47.70663629626754
1747533600000,1.236e-05,1.243e-05,1.227e-05,1.234e-05,492607112873.0,2025-05-18 02:00:00,47.10769461803003
1747537200000,1.234e-05,1.241e-05,1.221e-05,1.233e-05,483545751933.0,2025-05-18 03:00:00,46.79137492301587
1747540800000,1.233e-05,1.245e-05,1.232e-05,1.236e-05,240859187246.0,2025-05-18 04:00:00,47.92117473889639
1747544400000,1.237e-05,1.288e-05,1.237e-05,1.284e-05,2030958199651.0,2025-05-18 05:00:00,61.871253432239186
1747548000000,1.284e-05,1.286e-05,1.26e-05,1.266e-05,988279207613.0,2025-05-18 06:00:00,55.831606468785004
1747551600000,1.266e-05,1.293e-05,1.263e-05,1.29e-05,822653972001.0,2025-05-18 07:00:00,61.26147308287727
1747555200000,1.29e-05,1.331e-05,1.288e-05,1.322e-05,2102012808668.0,2025-05-18 08:00:00,67.07371532210703
1747558800000,1.322e-05,1.336e-05,1.312e-05,1.322e-05,1569926472722.0,2025-05-18 09:00:00,67.07371532210703
1747562400000,1.321e-05,1.335e-05,1.315e-05,1.333e-05,1088400599133.0,2025-05-18 10:00:00,68.93205542671542
1747566000000,1.334e-05,1.344e-05,1.32e-05,1.322e-05,1272172383464.0,2025-05-18 11:00:00,64.98236834390715
1747569600000,1.322e-05,1.331e-05,1.315e-05,1.33e-05,1005867306205.0,2025-05-18 12:00:00,66.48635873939263
1747573200000,1.33e-05,1.358e-05,1.322e-05,1.354e-05,1189074529146.0,2025-05-18 13:00:00,70.57005705476749
1747576800000,1.355e-05,1.392e-05,1.34e-05,1.379e-05,2615698392977.0,2025-05-18 14:00:00,74.10914874489816
1747580400000,1.379e-05,1.408e-05,1.367e-05,1.403e-05,2141359696892.0,2025-05-18 15:00:00,76.97209232949038
1747584000000,1.403e-05,1.425e-05,1.392e-05,1.415e-05,2732525536452.0,2025-05-18 16:00:00,78.26616176139119
1747587600000,1.416e-05,1.418e-05,1.365e-05,1.368e-05,2695060709663.0,2025-05-18 17:00:00,63.26938275014365
1747591200000,1.368e-05,1.371e-05,1.321e-05,1.329e-05,3843856273890.0,2025-05-18 18:00:00,54.019686929329424
1747594800000,1.33e-05,1.335e-05,1.284e-05,1.291e-05,1924754673417.0,2025-05-18 19:00:00,46.83499709669355
1747598400000,1.29e-05,1.315e-05,1.258e-05,1.299e-05,3667123107322.0,2025-05-18 20:00:00,48.391215913014946
1747602000000,1.299e-05,1.327e-05,1.293e-05,1.302e-05,1618396584420.0,2025-05-18 21:00:00,48.99416498771207
1747605600000,1.302e-05,1.341e-05,1.29e-05,1.339e-05,1434769022161.0,2025-05-18 22:00:00,55.84579944170247
1747609200000,1.339e-05,1.397e-05,1.317e-05,1.385e-05,1707548651232.0,2025-05-18 23:00:00,62.57649009839994
1747612800000,1.385e-05,1.419e-05,1.325e-05,1.33e-05,4306791513155.0,2025-05-19 00:00:00,52.30921203336809
1747616400000,1.33e-05,1.341e-05,1.316e-05,1.325e-05,1680202314612.0,2025-05-19 01:00:00,51.482234875704506
1747620000000,1.325e-05,1.335e-05,1.304e-05,1.309e-05,1493513022892.0,2025-05-19 02:00:00,48.82231609592239
1747623600000,1.31e-05,1.312e-05,1.282e-05,1.296e-05,1408751112107.0,2025-05-19 03:00:00,46.71060487190468
1747627200000,1.296e-05,1.316e-05,1.27e-05,1.284e-05,1745520539417.0,2025-05-19 04:00:00,44.78498244433633
1747630800000,1.285e-05,1.291e-05,1.273e-05,1.282e-05,1019486618086.0,2025-05-19 05:00:00,44.4560400476912
1747634400000,1.282e-05,1.29e-05,1.253e-05,1.254e-05,1038343776021.0,2025-05-19 06:00:00,40.02384401766788
1747638000000,1.255e-05,1.299e-05,1.253e-05,1.293e-05,1235142146661.0,2025-05-19 07:00:00,47.82629615290041
1747641600000,1.293e-05,1.293e-05,1.266e-05,1.278e-05,896635414713.0,2025-05-19 08:00:00,45.38096570961813
1747645200000,1.278e-05,1.285e-05,1.264e-05,1.272e-05,774151417820.0,2025-05-19 09:00:00,44.40299081976882
1747648800000,1.271e-05,1.282e-05,1.257e-05,1.269e-05,812875836154.0,2025-05-19 10:00:00,43.89364782996535
1747652400000,1.269e-05,1.279e-05,1.259e-05,1.271e-05,476977997132.0,2025-05-19 11:00:00,44.35193908444825
1747656000000,1.271e-05,1.273e-05,1.249e-05,1.26e-05,839793071896.0,2025-05-19 12:00:00,42.30516323326582
1747659600000,1.26e-05,1.295e-05,1.255e-05,1.288e-05,1133692819993.0,2025-05-19 13:00:00,48.78421613258611
1747663200000,1.288e-05,1.314e-05,1.275e-05,1.305e-05,1547321969174.0,2025-05-19 14:00:00,52.287552559598204
1747666800000,1.305e-05,1.33e-05,1.303e-05,1.318e-05,1860386637451.0,2025-05-19 15:00:00,54.83196955949571
1747670400000,1.318e-05,1.336e-05,1.3e-05,1.332e-05,1336395667403.0,2025-05-19 16:00:00,57.46281141909902
1747674000000,1.332e-05,1.365e-05,1.327e-05,1.335e-05,2138909780371.0,2025-05-19 17:00:00,58.02698360744227
1747677600000,1.334e-05,1.348e-05,1.308e-05,1.311e-05,1359044262298.0,2025-05-19 18:00:00,52.07641286737202
1747681200000,1.312e-05,1.337e-05,1.305e-05,1.327e-05,826706881657.0,2025-05-19 19:00:00,55.36280193279335
1747684800000,1.327e-05,1.337e-05,1.32e-05,1.326e-05,506397406766.0,2025-05-19 20:00:00,55.108439789805374
1747688400000,1.325e-05,1.33e-05,1.31e-05,1.328e-05,409848417194.0,2025-05-19 21:00:00,55.54832285619538
1747692000000,1.328e-05,1.329e-05,1.308e-05,1.318e-05,643024919379.0,2025-05-19 22:00:00,52.764332781206356
1747695600000,1.317e-05,1.33e-05,1.312e-05,1.327e-05,393862581840.0,2025-05-19 23:00:00,54.952567804295064
1747699200000,1.328e-05,1.358e-05,1.314e-05,1.321e-05,1341661430149.0,2025-05-20 00:00:00,53.183698007536755
1747702800000,1.32e-05,1.354e-05,1.316e-05,1.341e-05,1068607033929.0,2025-05-20 01:00:00,58.032999983791406
1747706400000,1.342e-05,1.366e-05,1.337e-05,1.344e-05,1533505956314.0,2025-05-20 02:00:00,58.7236520739146
1747710000000,1.344e-05,1.346e-05,1.326e-05,1.333e-05,746833688481.0,2025-05-20 03:00:00,55.14039945346122
1747713600000,1.333e-05,1.342e-05,1.317e-05,1.341e-05,737390446153.0,2025-05-20 04:00:00,57.18650052565213
1747717200000,1.342e-05,1.355e-05,1.335e-05,1.337e-05,733741578533.0,2025-05-20 05:00:00,55.81567386904784
1747720800000,1.337e-05,1.341e-05,1.319e-05,1.328e-05,792535783307.0,2025-05-20 06:00:00,52.751649163211184
1747724400000,1.327e-05,1.33e-05,1.302e-05,1.309e-05,1002004795913.0,2025-05-20 07:00:00,46.89848531234376
1747728000000,1.309e-05,1.319e-05,1.289e-05,1.297e-05,1095128416034.0,2025-05-20 08:00:00,43.60748439879083
1747731600000,1.297e-05,1.303e-05,1.288e-05,1.29e-05,677749508286.0,2025-05-20 09:00:00,41.76630251310957
1747735200000,1.291e-05,1.295e-05,1.264e-05,1.272e-05,1272192295700.0,2025-05-20 10:00:00,37.394121421363124
1747738800000,1.271e-05,1.287e-05,1.264e-05,1.278e-05,869969156127.0,2025-05-20 11:00:00,39.66153024549735
1747742400000,1.278e-05,1.281e-05,1.262e-05,1.273e-05,663192297313.0,2025-05-20 12:00:00,38.41300747899137
1747746000000,1.274e-05,1.278e-05,1.262e-05,1.271e-05,1066813067623.0,2025-05-20 13:00:00,37.899081748405706
1747749600000,1.27e-05,1.287e-05,1.265e-05,1.271e-05,1181985115515.0,2025-05-20 14:00:00,37.899081748405706
1747753200000,1.27e-05,1.289e-05,1.269e-05,1.286e-05,911802036032.0,2025-05-20 15:00:00,44.372614235080505
1747756800000,1.287e-05,1.299e-05,1.278e-05,1.28e-05,1228877138580.0,2025-05-20 16:00:00,42.465720543348404
1747760400000,1.281e-05,1.315e-05,1.28e-05,1.306e-05,1135256450380.0,2025-05-20 17:00:00,52.076650485323356
1747764000000,1.306e-05,1.315e-05,1.271e-05,1.274e-05,1331706649612.0,2025-05-20 18:00:00,42.63645237892574
1747767600000,1.274e-05,1.321e-05,1.271e-05,1.311e-05,1241269390729.0,2025-05-20 19:00:00,53.200209415413056
1747771200000,1.311e-05,1.321e-05,1.297e-05,1.317e-05,1310606365822.0,2025-05-20 20:00:00,54.65839727744681
1747774800000,1.316e-05,1.327e-05,1.298e-05,1.307e-05,1424518465321.0,2025-05-20 21:00:00,51.76354117225262
1747778400000,1.307e-05,1.313e-05,1.285e-05,1.302e-05,663898289262.0,2025-05-20 22:00:00,50.328260951882946
1747782000000,1.302e-05,1.325e-05,1.297e-05,1.316e-05,858031809528.0,2025-05-20 23:00:00,54.16084785986985
1747785600000,1.317e-05,1.327e-05,1.31e-05,1.32e-05,728549149625.0,2025-05-21 00:00:00,55.22387844095612
1747789200000,1.32e-05,1.33e-05,1.311e-05,1.313e-05,724681415182.0,2025-05-21 01:00:00,52.9113822734688
1747792800000,1.314e-05,1.349e-05,1.303e-05,1.346e-05,1408638303186.0,2025-05-21 02:00:00,61.167095131308734
1747796400000,1.347e-05,1.361e-05,1.34e-05,1.347e-05,1572258904193.0,2025-05-21 03:00:00,61.388013347672725
1747800000000,1.347e-05,1.365e-05,1.344e-05,1.358e-05,1391591139116.0,2025-05-21 04:00:00,63.82586446562581
1747803600000,1.358e-05,1.403e-05,1.357e-05,1.396e-05,2381623366655.0,2025-05-21 05:00:00,70.70654281573867
1747807200000,1.396e-05,1.414e-05,1.385e-05,1.395e-05,1614161596562.0,2025-05-21 06:00:00,70.32743828042965
1747810800000,1.395e-05,1.398e-05,1.348e-05,1.355e-05,2570323752676.0,2025-05-21 07:00:00,57.13200840348446
1747814400000,1.356e-05,1.366e-05,1.332e-05,1.334e-05,1538170549896.0,2025-05-21 08:00:00,51.65258577171631
1747818000000,1.334e-05,1.344e-05,1.326e-05,1.332e-05,1000239271056.0,2025-05-21 09:00:00,51.14944258361486
1747821600000,1.331e-05,1.346e-05,1.326e-05,1.341e-05,878227882974.0,2025-05-21 10:00:00,53.351527946088844
1747825200000,1.341e-05,1.377e-05,1.338e-05,1.367e-05,1504208157408.0,2025-05-21 11:00:00,59.08899606522867
1747828800000,1.367e-05,1.386e-05,1.354e-05,1.382e-05,1151762191271.0,2025-05-21 12:00:00,61.99332209347427
1747832400000,1.382e-05,1.405e-05,1.361e-05,1.391e-05,2111405036657.0,2025-05-21 13:00:00,63.66027305326917
1747836000000,1.391e-05,1.41e-05,1.372e-05,1.407e-05,2505740620668.0,2025-05-21 14:00:00,66.47534433040309
1747839600000,1.406e-05,1.407e-05,1.377e-05,1.394e-05,2816780335391.0,2025-05-21 15:00:00,62.25552653325574
1747843200000,1.394e-05,1.462e-05,1.385e-05,1.426e-05,4122382091604.0,2025-05-21 16:00:00,67.69218445711175
1747846800000,1.426e-05,1.44e-05,1.281e-05,1.312e-05,8533640148657.0,2025-05-21 17:00:00,43.59898157612687
1747850400000,1.312e-05,1.329e-05,1.287e-05,1.309e-05,4925102315911.0,2025-05-21 18:00:00,43.16359532804424
1747854000000,1.309e-05,1.352e-05,1.299e-05,1.347e-05,2409923773060.0,2025-05-21 19:00:00,49.977703369240885
1747857600000,1.346e-05,1.348e-05,1.317e-05,1.333e-05,1572803736641.0,2025-05-21 20:00:00,47.70833099573485
1747861200000,1.333e-05,1.344e-05,1.324e-05,1.329e-05,482341683630.0,2025-05-21 21:00:00,47.050953942031356
1747864800000,1.329e-05,1.357e-05,1.328e-05,1.352e-05,1119515644262.0,2025-05-21 22:00:00,51.213618828535935
1747868400000,1.352e-05,1.396e-05,1.341e-05,1.365e-05,2908148322303.0,2025-05-21 23:00:00,53.441600195634734
1747872000000,1.365e-05,1.395e-05,1.362e-05,1.392e-05,1361910999226.0,2025-05-22 00:00:00,57.75656511471135
1747875600000,1.392e-05,1.419e-05,1.374e-05,1.378e-05,2374108564026.0,2025-05-22 01:00:00,54.91461704375435
1747879200000,1.378e-05,1.401e-05,1.374e-05,1.394e-05,1593519728809.0,2025-05-22 02:00:00,57.48910944549073
1747882800000,1.394e-05,1.425e-05,1.381e-05,1.412e-05,1933805457001.0,2025-05-22 03:00:00,60.23979929769072
1747886400000,1.412e-05,1.419e-05,1.392e-05,1.407e-05,1340446085754.0,2025-05-22 04:00:00,59.09591766711181
1747890000000,1.406e-05,1.412e-05,1.376e-05,1.378e-05,1353464416458.0,2025-05-22 05:00:00,52.82992037852723
1747893600000,1.378e-05,1.39e-05,1.366e-05,1.386e-05,1455330795026.0,2025-05-22 06:00:00,54.27039896475086
1747897200000,1.386e-05,1.45e-05,1.382e-05,1.438e-05,2710035256758.0,2025-05-22 07:00:00,62.32419730572841
1747900800000,1.439e-05,1.479e-05,1.424e-05,1.456e-05,3288745998250.0,2025-05-22 08:00:00,64.6453500742488
1747904400000,1.456e-05,1.473e-05,1.444e-05,1.46e-05,2235204412633.0,2025-05-22 09:00:00,65.15904284985214
1747908000000,1.46e-05,1.461e-05,1.438e-05,1.448e-05,1215481244100.0,2025-05-22 10:00:00,62.23748243502346
1747911600000,1.447e-05,1.46e-05,1.431e-05,1.449e-05,1019699870571.0,2025-05-22 11:00:00,62.38882480001277
1747915200000,1.449e-05,1.471e-05,1.44e-05,1.46e-05,1593996186910.0,2025-05-22 12:00:00,64.0935313862495
1747918800000,1.461e-05,1.462e-05,1.428e-05,1.447e-05,1861876716560.0,2025-05-22 13:00:00,60.59789977179776
1747922400000,1.447e-05,1.47e-05,1.445e-05,1.452e-05,1408018713223.0,2025-05-22 14:00:00,61.468343054500195
1747926000000,1.451e-05,1.459e-05,1.439e-05,1.443e-05,835563718992.0,2025-05-22 15:00:00,58.94416985732285
1747929600000,1.443e-05,1.453e-05,1.421e-05,1.426e-05,1156872845445.0,2025-05-22 16:00:00,54.39997022912439
1747933200000,1.426e-05,1.447e-05,1.421e-05,1.434e-05,638555369041.0,2025-05-22 17:00:00,56.11456958894158
1747936800000,1.434e-05,1.442e-05,1.428e-05,1.437e-05,556258885507.0,2025-05-22 18:00:00,56.770999968147386
1747940400000,1.437e-05,1.44e-05,1.417e-05,1.427e-05,557401300755.0,2025-05-22 19:00:00,53.878033029552185
1747944000000,1.426e-05,1.448e-05,1.424e-05,1.433e-05,756944615135.0,2025-05-22 20:00:00,55.34828249016696
1747947600000,1.433e-05,1.433e-05,1.414e-05,1.426e-05,618521710166.0,2025-05-22 21:00:00,53.216886504264856
1747951200000,1.427e-05,1.476e-05,1.424e-05,1.459e-05,2011587273555.0,2025-05-22 22:00:00,60.8675281385826
1747954800000,1.459e-05,1.552e-05,1.459e-05,1.55e-05,3418783516922.0,2025-05-22 23:00:00,73.6596465761352
1747958400000,1.55e-05,1.578e-05,1.518e-05,1.558e-05,3876910384694.0,2025-05-23 00:00:00,74.45036731407397
1747962000000,1.558e-05,1.597e-05,1.537e-05,1.587e-05,2999315163431.0,2025-05-23 01:00:00,77.13047017030307
1747965600000,1.587e-05,1.632e-05,1.567e-05,1.576e-05,3974863330063.0,2025-05-23 02:00:00,73.96126397779742
1747969200000,1.576e-05,1.61e-05,1.575e-05,1.606e-05,1632276174367.0,2025-05-23 03:00:00,76.76524959463076
1747972800000,1.606e-05,1.611e-05,1.556e-05,1.581e-05,1785138823124.0,2025-05-23 04:00:00,70.00037590187202
1747976400000,1.581e-05,1.584e-05,1.547e-05,1.573e-05,1200091485276.0,2025-05-23 05:00:00,67.93719504471596
1747980000000,1.573e-05,1.575e-05,1.53e-05,1.545e-05,2309289449057.0,2025-05-23 06:00:00,61.14443052188031
1747983600000,1.545e-05,1.569e-05,1.543e-05,1.548e-05,1391038259174.0,2025-05-23 07:00:00,61.58758835355927
1747987200000,1.549e-05,1.572e-05,1.548e-05,1.562e-05,1103929784505.0,2025-05-23 08:00:00,63.669979268143166
1747990800000,1.561e-05,1.592e-05,1.555e-05,1.588e-05,1300089894511.0,2025-05-23 09:00:00,67.22368015460502
1747994400000,1.589e-05,1.592e-05,1.56e-05,1.574e-05,1020671211433.0,2025-05-23 10:00:00,63.61526941450684
1747998000000,1.574e-05,1.575e-05,1.476e-05,1.486e-05,5665838172777.0,2025-05-23 11:00:00,46.660771945595094
1748001600000,1.487e-05,1.489e-05,1.428e-05,1.459e-05,7368004948558.0,2025-05-23 12:00:00,42.88428889832365
1748005200000,1.459e-05,1.519e-05,1.447e-05,1.514e-05,3381811208653.0,2025-05-23 13:00:00,51.49612346678381
1748008800000,1.514e-05,1.52e-05,1.489e-05,1.499e-05,2282459390140.0,2025-05-23 14:00:00,49.312342980494066
1748012400000,1.499e-05,1.506e-05,1.477e-05,1.478e-05,1610273840445.0,2025-05-23 15:00:00,46.34896401482256
1748016000000,1.478e-05,1.497e-05,1.457e-05,1.494e-05,1604754412929.0,2025-05-23 16:00:00,48.87007565521893
1748019600000,1.495e-05,1.523e-05,1.493e-05,1.507e-05,1571613379656.0,2025-05-23 17:00:00,50.88936059712737
1748023200000,1.508e-05,1.514e-05,1.481e-05,1.486e-05,941512898773.0,2025-05-23 18:00:00,47.61781804411393
1748026800000,1.486e-05,1.501e-05,1.48e-05,1.485e-05,669718676235.0,2025-05-23 19:00:00,47.46134806036182
1748030400000,1.485e-05,1.486e-05,1.459e-05,1.465e-05,750241615496.0,2025-05-23 20:00:00,44.32432065090234
1748034000000,1.466e-05,1.474e-05,1.443e-05,1.451e-05,888315289750.0,2025-05-23 21:00:00,42.22061246779697
1748037600000,1.45e-05,1.463e-05,1.431e-05,1.436e-05,955027148097.0,2025-05-23 22:00:00,40.02851053342679
1748041200000,1.435e-05,1.444e-05,1.356e-05,1.381e-05,3415267623974.0,2025-05-23 23:00:00,33.218180343350454
1748044800000,1.38e-05,1.394e-05,1.358e-05,1.362e-05,2294009793336.0,2025-05-24 00:00:00,31.240773163559467
1748048400000,1.363e-05,1.388e-05,1.356e-05,1.368e-05,1284992016874.0,2025-05-24 01:00:00,32.60513452488125
1748052000000,1.369e-05,1.394e-05,1.361e-05,1.394e-05,742747331145.0,2025-05-24 02:00:00,38.3169124332533
1748055600000,1.394e-05,1.415e-05,1.389e-05,1.408e-05,986788462983.0,2025-05-24 03:00:00,41.20635621761279
1748059200000,1.409e-05,1.422e-05,1.4e-05,1.41e-05,880768887108.0,2025-05-24 04:00:00,41.62703108938779
1748062800000,1.41e-05,1.413e-05,1.388e-05,1.399e-05,996377735886.0,2025-05-24 05:00:00,39.934592854604126
1748066400000,1.398e-05,1.405e-05,1.378e-05,1.397e-05,961455096256.0,2025-05-24 06:00:00,39.619190463072975
1748070000000,1.396e-05,1.409e-05,1.381e-05,1.386e-05,1143256155389.0,2025-05-24 07:00:00,37.84862027966849
1748073600000,1.386e-05,1.39e-05,1.367e-05,1.39e-05,1064139170327.0,2025-05-24 08:00:00,38.91761491360551
1748077200000,1.39e-05,1.397e-05,1.381e-05,1.385e-05,497413596213.0,2025-05-24 09:00:00,38.036921382539475
1748080800000,1.384e-05,1.416e-05,1.379e-05,1.407e-05,1142544527175.0,2025-05-24 10:00:00,44.03774867037115
1748084400000,1.407e-05,1.415e-05,1.396e-05,1.399e-05,808387994131.0,2025-05-24 11:00:00,42.42862620042697
1748088000000,1.399e-05,1.408e-05,1.39e-05,1.4e-05,687622226112.0,2025-05-24 12:00:00,42.710421867757425
1748091600000,1.401e-05,1.404e-05,1.377e-05,1.38e-05,866238413421.0,2025-05-24 13:00:00,38.637115350828125
1748095200000,1.379e-05,1.397e-05,1.376e-05,1.395e-05,510778045581.0,2025-05-24 14:00:00,43.02582850327692
1748098800000,1.395e-05,1.404e-05,1.379e-05,1.388e-05,603062322200.0,2025-05-24 15:00:00,41.532979174003096
1748102400000,1.387e-05,1.394e-05,1.37e-05,1.386e-05,797834951868.0,2025-05-24 16:00:00,41.09426207556333
1748106000000,1.385e-05,1.4e-05,1.385e-05,1.393e-05,642994582628.0,2025-05-24 17:00:00,43.34977761376428
1748109600000,1.393e-05,1.408e-05,1.379e-05,1.383e-05,535259800698.0,2025-05-24 18:00:00,40.93818759576282
1748113200000,1.382e-05,1.389e-05,1.377e-05,1.385e-05,455217257095.0,2025-05-24 19:00:00,41.63749035438629
1748116800000,1.386e-05,1.402e-05,1.381e-05,1.392e-05,401656791672.0,2025-05-24 20:00:00,44.13084086081396
1748120400000,1.392e-05,1.396e-05,1.372e-05,1.386e-05,481543299316.0,2025-05-24 21:00:00,42.45654605564933
1748124000000,1.387e-05,1.387e-05,1.37e-05,1.376e-05,489291907982.0,2025-05-24 22:00:00,39.74973817267923
1748127600000,1.376e-05,1.39e-05,1.362e-05,1.378e-05,1029879528895.0,2025-05-24 23:00:00,40.56587564740037
1748131200000,1.378e-05,1.399e-05,1.332e-05,1.339e-05,1964259423155.0,2025-05-25 00:00:00,31.582006870736507
1748134800000,1.34e-05,1.355e-05,1.325e-05,1.342e-05,1509005175200.0,2025-05-25 01:00:00,32.81459732560657
1748138400000,1.342e-05,1.358e-05,1.331e-05,1.355e-05,754278585389.0,2025-05-25 02:00:00,38.02500550552618
1748142000000,1.354e-05,1.391e-05,1.353e-05,1.38e-05,954165608635.0,2025-05-25 03:00:00,46.60145587408376
1748145600000,1.38e-05,1.382e-05,1.366e-05,1.376e-05,735115246534.0,2025-05-25 04:00:00,45.516127753528515
1748149200000,1.376e-05,1.378e-05,1.366e-05,1.374e-05,389261058358.0,2025-05-25 05:00:00,44.95240035173277
1748152800000,1.374e-05,1.377e-05,1.365e-05,1.37e-05,321209354360.0,2025-05-25 06:00:00,43.78441323881331
1748156400000,1.37e-05,1.37e-05,1.344e-05,1.356e-05,1206539149201.0,2025-05-25 07:00:00,39.87887585517858
1748160000000,1.356e-05,1.357e-05,1.313e-05,1.319e-05,2458730187671.0,2025-05-25 08:00:00,31.804511153941505
1748163600000,1.32e-05,1.327e-05,1.298e-05,1.311e-05,3584476034173.0,2025-05-25 09:00:00,30.372586463838218
1748167200000,1.312e-05,1.315e-05,1.29e-05,1.292e-05,2107625373819.0,2025-05-25 10:00:00,27.23622141031325
1748170800000,1.292e-05,1.305e-05,1.285e-05,1.3e-05,992948274581.0,2025-05-25 11:00:00,30.49089611134471
1748174400000,1.3e-05,1.319e-05,1.291e-05,1.313e-05,895098763759.0,2025-05-25 12:00:00,35.53683533658342
1748178000000,1.313e-05,1.325e-05,1.3e-05,1.315e-05,840870884784.0,2025-05-25 13:00:00,36.30294511429721
1748181600000,1.314e-05,1.315e-05,1.29e-05,1.298e-05,878151121317.0,2025-05-25 14:00:00,32.74109091796623
1748185200000,1.299e-05,1.303e-05,1.262e-05,1.292e-05,1718684346571.0,2025-05-25 15:00:00,31.56399133312803
1748188800000,1.292e-05,1.297e-05,1.274e-05,1.291e-05,599213854371.0,2025-05-25 16:00:00,31.361618615947208
1748192400000,1.291e-05,1.299e-05,1.291e-05,1.295e-05,126999825170.0,2025-05-25 17:00:00,33.20637795172004
